Ticker,Name
20MICRONS.NS,20 Microns Limited
3IINFOTECH-BE.NS,3I INFOTECH LTD.
3IINFOTECH.NS,3i Infotech Limited
3MINDIA.NS,3M India Limited
3RDROCK-IT.NS,3rd Rock Multimedia Ltd
3RDROCK.NS,3rd Rock Multimedia Limited
549-MF.NS,SUNDARAM ASSET MAN TOP 100 III(
8KMILES.NS,8K Miles Software Services Limited
A2ZINFRA.NS,A2Z Infra Engineering Limited
AARTIDRUGS.NS,Aarti Drugs Limited
AARTIIND.NS,Aarti Industries Limited
AARVEEDEN.NS,Aarvee Denims and Exports Limited
ABAN.NS,Aban Offshore Limited
ABB.NS,ABB India Limited
ABBOTINDIA.NS,Abbott India Limited
ABCIL.NS,Aditya Birla Chemicals (India) Limited
ABFRL.NS,Aditya Birla Fashion and Retail Limited
ABGSHIP.NS,ABG Shipyard Limited
ABHISHEK.NS,Abhishek Corporation Ltd
ABIRLANUVO.NS,Aditya Birla Nuvo Limited
ACC.NS,ACC Limited
ACCELYA.NS,Accelya Kale Solutions Limited
ACE.NS,Action Construction Equipment Limited
ACROPETAL-BE.NS,ACROPETAL TECHNOLO INR10
ACROPETAL.NS,Acropetal Technologies Limited
ADANIENT.NS,Adani Enterprises Limited
ADANIPORTS.NS,Adani Ports and Special Economic Zone Limited
ADANIPOWER.NS,Adani Power Limited
ADANITRANS-BE.NS,Adani Transmission Ltd
ADANITRANS.NS,Adani Transmissions Limited
ADFFOODS.NS,ADF Foods Limited
ADHUNIK.NS,Adhunik Metaliks Limited
ADI.NS,ADI FINECHEM LTD INR10
ADLABS.NS,Adlabs Entertainment Limited
ADORWELD.NS,Ador Welding Limited
ADSL.NS,Allied Digital Services Ltd
ADVANIHOTR.NS,Advani Hotels & Resorts (India) Limited
ADVANTA.NS,Advanta Limited
AEGISCHEM.NS,Aegis Logistics Limited
AFL.NS,Accel Frontline Limited
AFTEK-BE.NS,AFTEK-BE.NS
AFTEK-BZ.NS,AFTEK LIMITED
AFTEK.NS,Aftek Limited
AGARIND.NS,Agarwal Industrial Corporation Ltd.
AGCNET.NS,AGC Networks Limited
AGRITECH-BE.NS,Agri-Tech (India) Limited
AGRITECH.NS,Agri-Tech (India) Ltd
AGRODUTCH-BE.NS,AGRO DUTCH INDUSTRIES LTD
AGRODUTCH.NS,Agro Dutch Industries Limited
AHIMSA-SI.NS,AHIMSA INDUSTRIES INR10
AHIMSA-SL.NS,AHIMSA INDUSTRIES INR10
AHIMSA-SM.NS,AHIMSA INDUSTRIES INR10
AHIMSA-SO.NS,AHIMSA INDUSTRIES INR10
AHIMSA-SP.NS,AHIMSA INDUSTRIES INR10
AHIMSA-SQ.NS,AHIMSA INDUSTRIES INR10
AHIMSA-ST.NS,AHIMSA INDUSTRIES INR10
AHLEAST.NS,Asian Hotels (East) Limited
AHLUCONT.NS,Ahluwalia Contracts (India) Limited
AHLWEST.NS,Asian Hotels (West) Limited
AHMEDFORG.NS,Metalyst Forgings Limited
AIAENG.NS,AIA Engineering Limited
AICHAMP.NS,AI Champdany Industries Limited
AIFL.NS,Ashapura Intimates Fashion Limited
AIL.NS,GE Power India Limited
AJANTPHARM.NS,Ajanta Pharma Limited
AJMERA.NS,Ajmera Realty & Infra India Limited
AKSHOPTFBR.NS,Aksh Optifibre Limited
AKZOINDIA.NS,Akzo Nobel India Limited
ALANKIT.NS,Alankit Limited
ALBK.NS,Allahabad Bank
ALCHEM.NS,Alchemist Limited
ALEMBICLTD.NS,Alembic Limited
ALICON.NS,Alicon Castalloy Limited
ALKALI.NS,Alkali Metals Limited
ALKEM.NS,Alkem Laboratories Limited
ALKYLAMINE.NS,Alkyl Amines Chemicals Limited
ALLCARGO.NS,Allcargo Logistics Limited
ALLSEC.NS,Allsec Technologies Limited
ALMONDZ.NS,Almondz Global Securities Limited
ALOKTEXT.NS,Alok Industries Limited
ALPA-BE.NS,ALPA LABORATORIES INR10
ALPA.NS,Alpa Laboratories Limited
ALPHAGEO.NS,Alphageo (India) Limited
ALPINEHOU-BE.NS,ALPINEHOU-BE.NS
ALPSINDUS.NS,Alps Industries Limited
ALSTOMT&D.NS,GE T&D India Limited
AMARAJABAT.NS,Amara Raja Batteries Limited
AMBIKCO.NS,Ambika Cotton Mills Limited
AMBUJACEM.NS,Ambuja Cements Limited
AMDIND.NS,AMD Industries Limited
AMLSTEEL-BE.NS,AMLSTEEL-BE.NS
AMRUTANJAN-BE.NS,AMRUTANJAN HEALTH INR2
AMRUTANJAN.NS,Amrutanjan Health Care Limited
AMTEKAUTO.NS,Amtek Auto Limited
AMTEKINDI.NS,Castex Technologies Limited
AMTEKINDIA-BE.NS,AMTEK INDIA LIMITED
AMTL.NS,Advance Metering Technology Limited
ANANDAMRUB.NS,The Anandam Rubber Company Limited
ANANTRAJ.NS,Anant Raj Limited
ANDHRABANK.NS,Andhra Bank
ANDHRACEMT.NS,Andhra Cements Limited
ANDHRSUGAR.NS,The Andhra Sugars Limited
ANGIND.NS,ANG Industries Limited
ANIKINDS-BE.NS,ANIK INDUSTRIES INR10
ANIKINDS.NS,Anik Industries Limited
ANKITMETAL.NS,Ankit Metal & Power Limited
ANSALAPI.NS,Ansal Properties & Infrastructure Limited
ANSALHSG.NS,Ansal Housing & Construction Limited
ANTGRAPHIC-BE.NS,ANTARCTICA LIMITED
ANTGRAPHIC.NS,Antarctica Limited
APARINDS.NS,Apar Industries Limited
APCOTEXIND.NS,Apcotex Industries Limited
APLAB-BE.NS,APLAB-BE.NS
APLAPOLLO.NS,APL Apollo Tubes Limited
APLLTD.NS,Alembic Pharmaceuticals Limited
APOLLOHOSP.NS,Apollo Hospitals Enterprise Limited
APOLLOTYRE.NS,Apollo Tyres Limited
APOLSINHOT-BE.NS,Apollo Sindoori Hotels Li
APOLSINHOT.NS,Apollo Sindoori Hotels Limited
APTECHT.NS,Aptech Limited
ARCHIDPLY.NS,Archidply Industries Limited
ARCHIES.NS,Archies Limited
ARCOTECH.NS,Arcotech Limited
ARIES.NS,Aries Agro Limited
ARIHANT.NS,Arihant Foundations & Housing Limited
AROGRANITE.NS,Aro Granite Industries Limited
ARROWCOAT.NS,ARROW GREENTECH LI INR10
ARROWTEX.NS,Arrow Textiles Limited
ARSHIYA.NS,Arshiya Limited
ARSSINFRA.NS,ARSS Infrastructure Projects Limited
ARVIND.NS,Arvind Limited
ARVINDREM-BZ.NS,ARVIND REMEDIES LIMITED
ARVINDREM.NS,Arvind Remedies Limited
ARVINFRA-BE.NS,ARVIND INFRASTRUCT INR10
ARVINFRA.NS,Arvind SmartSpaces Limited
ASAHIINDIA.NS,Asahi India Glass Limited
ASAHISONG-BE.NS,ASAHI SONGWON COLO INR10
ASAHISONG.NS,Asahi Songwon Colors Limited
ASAL.NS,Automotive Stampings and Assemblies Limited
ASHAPURMIN.NS,Ashapura Minechem Limited
ASHIANA.NS,Ashiana Housing Limited
ASHIMASYN.NS,Ashima Limited
ASHOKA.NS,Ashoka Buildcon Limited
ASHOKLEY.NS,Ashok Leyland Limited
ASIANELEC-BZ.NS,ASIAN ELECTRONIC LTD
ASIANHOTNR.NS,Asian Hotels (North) Limited
ASIANPAINT.NS,Asian Paints Limited
ASIANTILES.NS,Asian Granito India Limited
ASIL-BE.NS,ASIL-BE.NS
ASIL.NS,Amit Spinning Industries Limited
ASSAMCO.NS,Assam Company India Limited
ASTEC.NS,Astec LifeSciences Limited
ASTRAL.NS,Astral Poly Technik Limited
ASTRAMICRO.NS,Astra Microwave Products Limited
ASTRAZEN.NS,AstraZeneca Pharma India Limited
ATFL.NS,Agro Tech Foods Limited
ATLANTA.NS,Atlanta Limited
ATLASCYCLE.NS,Atlas Cycles (Haryana) Limited
ATNINTER-BE.NS,ATNINTER-BE.NS
ATNINTER.NS,ATN International Ltd.
ATUL.NS,Atul Ltd
ATULAUTO.NS,Atul Auto Limited
AURIONPRO.NS,aurionPro Solutions Limited
AUROPHARMA.NS,Aurobindo Pharma Limited
AUSOMENT-BE.NS,AUSOM ENTERPRISE INR10
AUSOMENT.NS,Ausom Enterprise Limited
AUSTRAL.NS,Greenearth Resources & Projects Limited
AUTOAXLES.NS,Automotive Axles Limited
AUTOIND.NS,Autoline Industries Limited
AUTOLITIND.NS,Autolite (India) Limited
AVANTIFEED.NS,AVANTI FEEDS INR2
AVTNPL.NS,AVT Natural Products Limited
AXISBANK-IL.NS,AXIS BANK INR2
AXISBANK.NS,Axis Bank Limited
AXISCADES.NS,AXISCADES Engineering Technologies Limited
AXISGOLD.NS,Axis Gold ETF
AYMSYNTEX.NS,AYM Syntex Limited
BAFNAPHARM.NS,Bafna Pharmaceuticals Limited
BAGFILMS.NS,B.A.G. Films and Media Limited
BAJAJ-AUTO.NS,Bajaj Auto Limited
BAJAJCORP.NS,Bajaj Corp Limited
BAJAJELEC.NS,Bajaj Electricals Limited
BAJAJFINS.NS,BAJAJ FINSERV LIMITED
BAJAJFINSV.NS,Bajaj Finserv Limited
BAJAJHIND.NS,Bajaj Hindusthan Sugar Limited
BAJAJHLDNG.NS,Bajaj Holdings & Investment Limited
BAJFINANCE.NS,Bajaj Finance Limited
BALAJITELE.NS,Balaji Telefilms Limited
BALAMINES.NS,Balaji Amines Limited
BALKRISIND-BE.NS,BALKRISHNA INDUSTRIES LTD
BALKRISIND.NS,Balkrishna Industries Limited
BALLARPUR.NS,Ballarpur Industries Limited
BALMLAWRIE.NS,Balmer Lawrie & Co. Limited
BALPHARMA.NS,Bal Pharma Limited
BALRAMCHIN.NS,Balrampur Chini Mills Limited
BANARBEADS.NS,Banaras Beads Limited
BANARISUG.NS,Bannari Amman Sugars Limited
BANCOINDIA.NS,Banco Products (India) Limited
BANG-BE.NS,BANG OVERSEAS LTD INR10
BANG.NS,Bang Overseas Limited
BANKBARODA-IL.NS,BK OF BARODA INR2
BANKBARODA.NS,Bank of Baroda
BANKBEES.NS,Goldman Sachs Bank BeES ETF
BANKINDIA.NS,Bank of India Limited
BANSWRAS.NS,Banswara Syntex Limited
BARTRONICS.NS,Bartronics India Limited
BASF.NS,BASF India Limited
BASML.NS,Bannari Amman Spinning Mills Limited
BATAINDIA.NS,Bata India Limited
BAYERCROP.NS,Bayer CropScience Limited
BBL.NS,Bharat Bijlee Limited
BBTC.NS,"The Bombay Burmah Trading Corporation, Limited"
BDR-IT.NS,BDR Buildcon Limited
BDR.NS,BDR Buildcon Limited
BEARDSELL-BE.NS,BEARDSELL LTD INR10
BEARDSELL-BL.NS,BEARDSELL LTD INR10
BEARDSELL-BT.NS,BEARDSELL LTD INR10
BEARDSELL-IL.NS,BEARDSELL LTD INR10
BEARDSELL-RL.NS,BEARDSELL LTD INR10
BEARDSELL.NS,Beardsell Limited
BEDMUTHA.NS,Bedmutha Industries Limited
BEL.NS,Bharat Electronics Limited
BEML.NS,BEML Limited
BEPL.NS,Bhansali Engineering Polymers Limited
BERGEPAINT.NS,Berger Paints India Limited
BFINVEST.NS,BF Investment Limited
BFUTILITIE.NS,BF Utilities Limited
BGLOBAL-BE.NS,BHARATIYA GLOBAL I INR10
BGLOBAL.NS,Bharatiya Global Infomedia Limited
BGRENERGY.NS,BGR Energy Systems Limited
BHAGERIA.NS,BHAGERIA INDUSTRIE INR5
BHAGYNAGAR.NS,Bhagyanagar India Limited
BHARATFORG.NS,Bharat Forge Limited
BHARATGEAR.NS,Bharat Gears Limited
BHARATIDIL.NS,Bharati Defence And Infrastructure Limited
BHARATRAS.NS,Bharat Rasayan Limited
BHARATWIRE.NS,Bharat Wire Ropes Limited
BHARTIARTL.NS,Bharti Airtel Limited
BHARTISHIP-BZ.NS,BHARATI SHIPYARD LTD.
BHARTISHIP.NS,BHARATI SHIPYARD LTD.
BHEL.NS,Bharat Heavy Electricals Limited
BHUSANSTL.NS,Bhushan Steel Limited
BIL.NS,Bhartiya International Limited
BILENERGY.NS,Bil Energy Systems Limited
BILPOWER-BE.NS,BILPOWER LTD INR10(DEMAT)
BILPOWER.NS,Bilpower Limited
BINANIIND.NS,Edayar Zinc Limited
BINDALAGRO-BE.NS,OSWAL CHEM & FERT-DEP SET
BINDALAGRO.NS,Oswal Greentech Limited
BIOCON.NS,Biocon Limited
BIRLACORPN.NS,Birla Corporation Limited
BIRLACOT-BE.NS,BIRLA COTSYN (INDI INR1
BIRLACOT.NS,Birla Cotsyn (India) Limited
BIRLAERIC-BE.NS,BIRLA ERICSON LTD.
BIRLAERIC.NS,Birla Cable Limited
BIRLAMONEY.NS,Aditya Birla Money Limited
BIRLAPOWER-BZ.NS,BIRLA POWER SOL. LTD
BLBLIMITED.NS,BLB Limited
BLISSGVS.NS,Bliss Gvs Pharma Limited
BLKASHYAP.NS,B.L. Kashyap and Sons Limited
BLUEBLENDS-BE.NS,BLUE BLENDS (I) LTD
BLUEBLENDS.NS,BLUE BLENDS (INDIA INR10
BLUECHIP-BE.NS,BLUE CHIP INDIA LTD.
BLUECHIP.NS,Blue Chip India Limited
BLUECOAST-BE.NS,BLUE COAST HOTELS INR10
BLUECOAST.NS,Blue Coast Hotels Limited
BLUEDART.NS,Blue Dart Express Limited
BLUESTARCO.NS,Blue Star Limited
BLUESTINFO.NS,Blue Star Infotech Ltd.
BNPCPGII-MF.NS,BNP PARIBAS MF CAPITAL PRT ORIE
BODALCHEM.NS,Bodal Chemicals Limited
BODHTREE-BE.NS,BODHTREE-BE.NS
BOMDYEING.NS,The Bombay Dyeing and Manufacturing Company Limited
BOSCHLTD.NS,Bosch Limited
BPCL.NS,Bharat Petroleum Corporation Limited
BPL.NS,BPL Limited
BRANDHOUSE-BZ.NS,BRANDHOUSE RETAILS LTD
BRANDHOUSE.NS,BRANDHOUSE RETAILS INR10
BRFL.NS,Bombay Rayon Fashions Limited
BRIGADE.NS,Brigade Enterprises Limited
BRITANNIA.NS,Britannia Industries Limited
BROADCAST.NS,Broadcast Initiatives Limited
BROOKS.NS,Brooks Laboratories Limited
BSELINFRA.NS,BSEL Infrastructure Realty Limited
BSL.NS,BSL Limited
BSLCAP19RG-MF.NS,BIRLA SUN LIFE ASS CAPITAL PRT
BSLCAP21RG-MF.NS,BIRLA SUN LIFE MUT CAPITAL PR O
BSLELFS5RG-MF.NS,BIRLA SUN LIFE MUT EMERGING LEA
BSLFEFS2RG-MF.NS,BIRLA SUN LIFE MUT FOCUSED EQ 2
BSLFTPLLRG-MF.NS,BIRLA SUN LIFE ASS FIXED TERM P
BSLFTPLVDG-MF.NS,BIRLA SUN LIFE MUT FTP LV 1099D
BSLGOLDETF.NS,Birla Sun Life Gold ETF
BSLIMITED.NS,BS Limited
BSLNIFTY.NS,Birla Sun Life Nifty ETF
BSLRGES1RD-MF.NS,BIRLA SUN LIFE ASS SERIES 1-REG
BSLRGES1RG-MF.NS,BIRLA SUN LIFE ASS SERIES 1-REG
BURNPUR.NS,Burnpur Cement Limited
BUTTERFLY.NS,Butterfly Gandhimathi Appliances Limited
BVCL.NS,Barak Valley Cements Limited
BYKE.NS,THE BYKE HOSPITALI INR10
CADILAHC.NS,Cadila Healthcare Limited
CAIRN.NS,Cairn India Limited
CALSOFT-BE.NS,CALIFORNIA SOFTWARE CO LT
CALSOFT.NS,California Software Company Limited
CAMLINFINE.NS,CAMLIN FINE SCIENC INR1
CANBK.NS,Canara Bank
CANDC.NS,C & C Constructions Limited
CANFINHOME.NS,Can Fin Homes Limited
CANTABIL.NS,Cantabil Retail India Limited
CAPF.NS,Capital First Limited
CAPLIPOINT.NS,CAPLIN POINT LABOR INR2
CARBORUNIV.NS,Carborundum Universal Limited
CAREERP.NS,Career Point Limited
CARERATING.NS,CARE Ratings Limited
CASTEXTECH-BE.NS,CASTEX TECHNOLOGIES LTD.
CASTEXTECH.NS,Castex Technologies Limited
CASTROLIND.NS,Castrol India Limited
CCCL.NS,Consolidated Construction Consortium Limited
CCHHL.NS,Country Club Hospitality & Holidays Limited
CCL.NS,CCL Products (India) Limited
CEATLTD.NS,CEAT Limited
CEBBCO.NS,Commercial Engineers & Body Builders Co Limited
CELEBRITY.NS,Celebrity Fashions Limited
CELESTIAL.NS,Celestial Biolabs Limited
CENTENKA.NS,Century Enka Limited
CENTEXT.NS,Century Extrusions Limited
CENTRALBK.NS,Central Bank of India
CENTUM.NS,Centum Electronics Limited
CENTURYPLY.NS,Century Plyboards (India) Limited
CENTURYTEX.NS,Century Textiles and Industries Limited
CERA.NS,Cera Sanitaryware Limited
CEREBRAINT.NS,Cerebra Integrated Technologies Limited
CESC.NS,CESC Limited
CGCL.NS,Capri Global Capital Limited
CHAMBLFERT.NS,Chambal Fertilisers and Chemicals Limited
CHEMFALKAL.NS,Chemfab Alkalis Limited
CHENNPETRO.NS,Chennai Petroleum Corporation Limited
CHOLAFIN.NS,Cholamandalam Investment and Finance Company Limited
CHROMATIC.NS,Chromatic India Limited
CIGNITITEC.NS,CIGNITI TECHNOLOGI INR10
CIMMCO.NS,Cimmco Limited
CINELINE.NS,Cineline India Limited
CINEVISTA.NS,Cinevista Limited
CIPLA.NS,Cipla Limited
CLASSIC-BE.NS,CLASSIC DIAMONDS (I) LTD
CLASSIC-BZ.NS,CLASSIC DIAMONDS (I) LTD
CLASSIC.NS,Classic Diamonds (India)
CLNINDIA.NS,Clariant Chemicals (India) Limited
CLUTCHAUTO-BE.NS,CLUTCH AUTO LTD
CLUTCHAUTO-BZ.NS,CLUTCH AUTO LTD
CLUTCHAUTO.NS,Clutch Auto Ltd.
CMAHENDRA-BZ.NS,C.MAHENDRA EXPORTS LTD
CMAHENDRA.NS,C. Mahendra Exports Limited
CMC.NS,CMC Limited
CNOVAPETRO-BE.NS,CIL NOVA PETROCHEM INR10
CNOVAPETRO.NS,CIL Nova Petrochemicals Limited
COALINDIA.NS,Coal India Limited
COFFEEDAY.NS,Coffee Day Enterprises Limited
COLPAL.NS,Colgate-Palmolive (India) Limited
COMPUSOFT.NS,Compucom Software Limited
CONCOR.NS,Container Corporation of India Limited
CONSOFINVT.NS,Consolidated Finvest & Holdings Limited
CORDSCABLE.NS,Cords Cable Industries Limited
COREEDUTEC-BZ.NS,CORE EDUCATION & TECH LTD
COREEDUTEC.NS,CORE Education and Technologies Limited
COROMANDEL.NS,Coromandel International Limited
CORPBANK.NS,Corporation Bank
COSMOFILMS.NS,Cosmo Films Limited
COUNCODOS.NS,Country Condo'S Limited
COX&KINGS.NS,Cox & Kings Limited
CPSEETF.NS,Goldman Sachs CPSE ETF
CREATIVEYE.NS,Creative Eye Limited
CREST.NS,Crest Ventures Limited
CRESTANI-BZ.NS,CREST COMM NPP251099DEPO
CRISIL.NS,CRISIL Limited
CRMFGETF.NS,Canara Robeco Gold ETF
CROMPGREAV.NS,CG Power and Industrial Solutions Limited
CTE-BE.NS,CAMBRIDGE TECH ENT INR10
CTE.NS,Cambridge Technology Enterprises Limited
CUB.NS,City Union Bank Limited
CUBEXTUB-BE.NS,CUBEXTUBINGS-ROLLSETT
CUBEXTUB.NS,Cubex Tubings Limited
CUMMINSIND.NS,Cummins India Limited
CURATECH.NS,CURA Technologies Limited
CYBERMEDIA.NS,Cyber Media (India) Limited
CYBERTECH.NS,CyberTech Systems and Software Limited
CYIENT.NS,Cyient Limited
DAAWAT.NS,LT Foods Limited
DABUR.NS,Dabur India Limited
DALMIABHA.NS,Dalmia Bharat Limited
DALMIASUG.NS,Dalmia Bharat Sugar and Industries Limited
DATAMATICS.NS,Datamatics Global Services Limited
DBCORP-IL.NS,D B CORP LTD INR10
DBCORP.NS,D. B. Corp Limited
DBREALTY.NS,DB Realty Ltd
DBSTOCKBRO.NS,DB (International) Stock Brokers Ltd
DCBBANK.NS,DCB Bank Limited
DCM.NS,DCM Limited
DCMSHRIRAM.NS,DCM Shriram Limited
DCW.NS,DCW Limited
DECCANCE.NS,Deccan Cements Limited
DECOLIGHT-BE.NS,DECOLIGHT CERAMICS INR10
DECOLIGHT.NS,Decolight Ceramics Ltd.
DEEPAKFERT.NS,Deepak Fertilisers And Petrochemicals Corporation Limited
DEEPAKNTR.NS,DEEPAK NITRITE INR2
DEEPIND.NS,Deep Industries Limited
DELTACORP.NS,Delta Corp Limited
DELTAMAGNT.NS,Delta Magnets Limited
DEN.NS,DEN Networks Limited
DENABANK.NS,Dena Bank
DENORA.NS,De Nora India Limited
DHAMPURSUG.NS,Dhampur Sugar Mills Limited
DHANBANK.NS,Dhanlaxmi Bank Limited
DHANUKA.NS,Dhanuka Agritech Limited
DHARSUGAR.NS,Dharani Sugars and Chemicals Limited
DHFL.NS,Dewan Housing Finance Corporation Limited
DHUNINV.NS,Dhunseri Investments Limited
DIAPOWER.NS,Diamond Power Infrastructure Limited
DICIND.NS,DIC India Limited
DIGJAM.NS,Digjam Limited
DISHMAN.NS,Dishman Pharmaceuticals and Chemicals Limited
DISHTV.NS,Dish TV India Limited
DIVISLAB.NS,Divi's Laboratories Limited
DLF.NS,DLF Limited
DLINKINDIA.NS,D-Link (India) Limited
DOLPHINOFF.NS,Dolphin Offshore Enterprises (India) Limited
DONEAR.NS,Donear Industries Limited
DPL.NS,Dhunseri Petrochem Limited
DPSCLTD.NS,India Power Corporation Limited
DQE.NS,DQ Entertainment (International) Limited
DRDATSONS.NS,Dr.Datsons Labs Limited
DREDGECORP.NS,Dredging Corporation of India Limited
DRREDDY.NS,Dr. Reddy's Laboratories Limited
DSKULKARNI.NS,D.S. Kulkarni Developers Limited
DSSL.NS,Dynacons Systems & Solutions Limited
DTIL-BE.NS,Dhunseri Tea & Ind. Ltd.
DTIL.NS,DHUNSERI TEA & IND INR10
DUNCANSLTD-BE.NS,DUNCANS INDUSTRIES INR10
DUNCANSLTD.NS,Duncans Industries Limited
DWARKESH-BE.NS,DWARIKESH SUGAR IN INR10
DWARKESH.NS,Dwarikesh Sugar Industries Limited
DWSFMP66RG-MF.NS,DEUTSCHE ASSET MGM DWS FMP SR 6
DWSHYD13GP-MF.NS,DEUTSCHE ASSET MGM DWS HYBRID F
DWSMIDRD-MF.NS,DEUTSCHE MUTUAL FU MID CAP 1 RE
DYNAMATECH.NS,Dynamatic Technologies Limited
DYNATECH-BE.NS,DYNACONS TECHNOLOG INR1
DYNATECH.NS,Ducon Infratechnolgies Limited
EASTSILK.NS,Eastern Silk Industries Limited
EASUNREYRL.NS,Easun Reyrolle Limited
EBANK.NS,Edelweiss ETF - Nifty Bank
ECEIND.NS,ECE Industries Limited
ECLERX.NS,eClerx Services Limited
EDELWEISS.NS,Edelweiss Financial Services Limited
EDL.NS,Empee Distilleries Limited
EDUCOMP.NS,Educomp Solutions Limited
EICHERMOT.NS,Eicher Motors Limited
EIDPARRY.NS,E.I.D.-Parry (India) Limited
EIHAHOTELS.NS,EIH Associated Hotels Limited
EIHOTEL.NS,EIH Limited
EIMCOELECO-BE.NS,EIMCO ELECON(I)LTD
EIMCOELECO.NS,Eimco Elecon (India) Limited
EKC.NS,Everest Kanto Cylinder Limited
ELAND.NS,E-Land Apparel Limited
ELDERPHARM-BE.NS,ELDER PHARM INR10(DEMAT)
ELDERPHARM-BZ.NS,ELDER PHARM INR10(DEMAT)
ELDERPHARM.NS,Elder Pharmaceuticals Limited
ELECON.NS,Elecon Engineering Company Limited
ELECTCAST.NS,Electrosteel Castings Limited
ELECTHERM.NS,Electrotherm (India) Limited
ELFORGE-BE.NS,ELFORGE-BE.NS
ELGIEQUIP.NS,ELGI Equipments Limited
ELGIRUBCO.NS,Elgi Rubber Company Limited
ELITE-IT.NS,Elite Conductors Limited
EMAMIINFRA.NS,Emami Infrastructure Limited
EMAMILTD.NS,Emami Limited
EMCO.NS,EMCO Limited
EMKAY.NS,Emkay Global Financial Services Limited
EMKAYTOOLS-SM.NS,EMKAY TAPS AND CUT INR10
EMMBI.NS,Emmbi Industries Limited
ENERGYDEV-BE.NS,ENERGY DEV CO LTD INR10(DEMAT)
ENERGYDEV.NS,Energy Development Company Limited
ENGINERSIN.NS,Engineers India Limited
ENIL.NS,Entertainment Network (India) Limited
ENTEGRA-BE.NS,ENTEGRA INFRASTRUC INR10
ENTEGRA.NS,Entegra Limited
EON.NS,Eon Electric Limited
ERAINFRA-BE.NS,ERAINFRA-BE.NS
ERAINFRA-BZ.NS,ERA INFRA ENGINEER INR2(DEMAT)
ERAINFRA.NS,Era Infra Engineering Limited
EROSMEDIA.NS,Eros International Media Limited
ESABINDIA.NS,ESAB India Limited
ESCORTS.NS,Escorts Limited
ESL.NS,Electrosteel Steels Limited
ESSAROIL.NS,Essar Oil Ltd.
ESSARPORT.NS,ESSAR PORTS LIMITED
ESSARSHPNG.NS,Essar Shipping Limited
ESSDEE.NS,Ess Dee Aluminium Limited
ESSELPACK.NS,Essel Propack Limited
ESTER.NS,Ester Industries Limited
EUROCERA-BE.NS,EUROCERA-BE.NS
EUROCERA.NS,Euro Ceramics Limited
EUROMULTI-BE.NS,EURO MULTIVISION L INR10
EUROMULTI.NS,Euro Multivision Limited
EUROTEXIND.NS,Eurotex Industries and Exports Limited
EVEREADY.NS,Eveready Industries India Limited
EVERESTIND.NS,Everest Industries Limited
EVERONN.NS,Everonn Education Limited
EXCEL.NS,Excel Realty N Infra Limited
EXCELCROP.NS,Excel Crop Care Limited
EXCELINDUS.NS,Excel Industries Limited
EXCELINFO.NS,Excel Realty N Infra Limited
EXIDEIND.NS,Exide Industries Limited
FACT.NS,The Fertilisers And Chemicals Travancore Limited
FAGBEARING.NS,Schaeffler India Limited
FARMAXIND-BE.NS,FARMAX INDIA LTD INR1
FARMAXIND.NS,Farmax India Limited
FCEL.NS,Future Consumer Limited
FCL.NS,Fineotex Chemical Limited
FCSSOFT.NS,FCS Software Solutions Limited
FDC.NS,FDC Limited
FEDDERLOYD.NS,Fedders Electric and Engineering Limited
FEDERALBNK.NS,The Federal Bank Limited
FIEMIND.NS,Fiem Industries Limited
FILATEX.NS,Filatex India Limited
FINANTECH.NS,63 Moons Technologies Limited
FINCABLES.NS,Finolex Cables Limited
FINPIPE.NS,Finolex Industries Limited
FIRSTLEASE-BZ.NS,FIRST LEASING CO OF INDIA
FIRSTWIN.NS,First Winner Industries Limited
FLEXITUFF.NS,Flexituff International Limited
FLFL.NS,Future Lifestyle Fashions Limited
FMGOETZE.NS,Federal-Mogul Goetze (India) Limited
FMNL.NS,Future Market Networks Limited
FORTIS.NS,Fortis Healthcare Limited
FOSECOIND.NS,Foseco India Limited
FOURTHDIM-SM.NS,FOURTH DIMENSION S INR10
FRL.NS,Future Enterprises Limited
FRLDVR.NS,FUTURE ENTERPRISES INR2 'B' (BO
FSL.NS,Firstsource Solutions Limited
GABRIEL.NS,Gabriel India Limited
GAEL.NS,Gujarat Ambuja Exports Limited
GAIL.NS,GAIL (India) Limited
GAL.NS,Gyscoal Alloys Limited
GALLANTT.NS,Gallantt Metal Limited
GALLISPAT.NS,Gallantt Ispat Limited
GAMMNINFRA.NS,Gammon Infrastructure Projects Limited
GAMMONIND.NS,Gammon India Limited
GANDHITUBE.NS,Gandhi Special Tubes Limited
GANECOS.NS,Ganesha Ecosphere Limited
GANESHHOUC.NS,Ganesh Housing Corporation Limited
GANGOTRI-BE.NS,GANGOTRI TEXTILE INR5(POST SUBD
GANGOTRI.NS,Gangotri Textiles Limited
GARDENSIL.NS,Garden Silks Mills Ltd.
GARDENSILK.NS,Garden Silk Mills Limited
GARWALLROP.NS,Garware-Wall Ropes Limited
GATI.NS,Gati Limited
GAYAPROJ.NS,Gayatri Projects Limited
GDL.NS,Gateway Distriparks Limited
GEECEE.NS,GeeCee Ventures Limited
GEINDSYS.NS,GEI Industrial Systems Limited
GEMINI.NS,Gemini Communication Limited
GENESYS.NS,Genesys International Corporation Limited
GENUSPAPER-BE.NS,Genus P&B Limited
GENUSPAPER.NS,Genus Paper & Boards Limited
GENUSPOWER.NS,Genus Power Infrastructures Limited
GEOJITBNPP.NS,Geojit Financial Services Limited
GEOMETRIC.NS,Geometric Limited
GESHIP.NS,The Great Eastern Shipping Company Limited
GHCL.NS,GHCL Limited
GICHSGFIN.NS,GIC Housing Finance Limited
GILLANDERS.NS,Gillanders Arbuthnot and Company Limited
GILLETTE.NS,Gillette India Limited
GINNIFILA.NS,Ginni Filaments Limited
GIPCL.NS,Gujarat Industries Power Company Limited
GIRRESORTS-IT.NS,GIR Natureview Resort Ltd
GIRRESORTS.NS,GIR Natureview Resorts Limited
GISOLUTION-BE.NS,GI ENGINEERING SOLUTIONS LTD IN
GISOLUTION.NS,GI Engineering Solutions Limited
GITANJALI.NS,Gitanjali Gems Limited
GKWLIMITED.NS,GKW Limited
GLAXO.NS,GlaxoSmithkline Pharmaceuticals Limited
GLENMARK.NS,Glenmark Pharmaceuticals Limited
GLFL.NS,Gujarat Lease Financing Limited
GLOBALVECT-BE.NS,GLOBAL VECTRA HELI INR10
GLOBALVECT.NS,Global Vectra Helicorp Limited
GLOBOFFS.NS,Global Offshore Services Limited
GLOBUSSPR.NS,Globus Spirits Limited
GLODYNE-BE.NS,GLODYNE-BE.NS
GLODYNE-BZ.NS,GLODYNE TECHNOSERVE LTD.
GLODYNE.NS,Glodyne Technoserve Limited
GMBREW.NS,G.M.Breweries Limited
GMDCLTD.NS,Gujarat Mineral Development Corporation Limited
GMRINFRA.NS,GMR Infrastructure Limited
GNFC.NS,Gujarat Narmada Valley Fertilizers & Chemicals Limited
GOACARBON.NS,Goa Carbon Limited
GOCLCORP.NS,GOCL CORPORATION L INR2
GODFRYPHLP.NS,Godfrey Phillips India Limited
GODREJCP.NS,Godrej Consumer Products Limited
GODREJIND.NS,Godrej Industries Limited
GODREJPROP.NS,Godrej Properties Limited
GOENKA-BZ.NS,GOENKA DIAMOND&JEWELS LTD
GOENKA.NS,Goenka Diamond and Jewels Limited
GOKEX.NS,Gokaldas Exports Limited
GOKUL-BE.NS,GOKUL REFOILS & SO INR2
GOKUL.NS,Gokul Refoils & Solvent Ltd
GOKULAGRO.NS,Gokul Agro Resources Limited
GOLDBEES.NS,Goldman Sachs Gold BeES ETF
GOLDENTOBC.NS,Golden Tobacco Limited
GOLDIAM.NS,Goldiam International Limited
GOLDINFRA.NS,Goldstone Infratech Limited
GOLDSHARE.NS,UTI Gold ETF
GOLDTECH.NS,Goldstone Technologies Limited
GOODLUCK.NS,Goodluck India Limited
GPIL.NS,Godawari Power & Ispat Limited
GPPL.NS,Gujarat Pipavav Port Limited
GRANULES.NS,Granules India Limited
GRAPHITE.NS,Graphite India Limited
GRASIM-IL.NS,GRASIM INDUSTRIES INR2
GRASIM.NS,Grasim Industries Limited
GRAVITA.NS,Gravita India Limited
GREAVESCOT.NS,Greaves Cotton Limited
GREENFIRE.NS,Proseed India Limited
GREENLAM-BE.NS,Greenlam Industries Ltd.
GREENLAM.NS,GREENLAM INDUSTRIE INR5
GREENPLY.NS,Greenply Industries Limited
GREENPOWER.NS,Orient Green Power Company Limited
GRINDWELL.NS,Grindwell Norton Limited
GRPLTD.NS,GRP Limited
GRUH.NS,GRUH Finance Limited
GSCLCEMENT.NS,Gujarat Sidhee Cement Limited
GSFC-IL.NS,GUJARAT STATE FER INR2(POST SUB
GSFC.NS,Gujarat State Fertilizers & Chemicals Limited
GSKCONS.NS,GlaxoSmithKline Consumer Healthcare Limited
GSPL.NS,Gujarat State Petronet Limited
GSS-BE.NS,GSS INFOTECH LTD INR10
GSS.NS,GSS Infotech Limited
GTL.NS,GTL Limited
GTLINFRA.NS,GTL Infrastructure Limited
GTNIND.NS,GTN Industries Limited
GTNTEX.NS,GTN Textiles Limited
GTOFFSHORE.NS,GOL Offshore Limited
GUFICBIO.NS,Gufic Biosciences Limited
GUJALKALI.NS,Gujarat Alkalies and Chemicals Limited
GUJAPOLLO.NS,Gujarat Apollo Industries Limited
GUJFLUORO.NS,Gujarat Fluorochemicals Limited
GUJGASLTD-BE.NS,Gujarat Gas Limited
GUJGASLTD.NS,GUJARAT GAS LIMITE INR10 NEW
GUJNRECOKE.NS,Gujarat NRE Coke Ltd.
GUJNREDVR.NS,Gujarat NRE Coke Ltd.
GUJSTATFIN-BT.NS,GUJARAT STATE FINANCIAL CORPORA
GULFOILLUB.NS,Gulf Oil Lubricants India Limited
GULFPETRO.NS,GP Petroleums Limited
GULPOLY.NS,Gulshan Polyols Limited
GVKPIL.NS,GVK Power & Infrastructure Limited
H37027ARG4-MF.NS,HDFC ASSET MANAGEM FMP 370D AUG
H37131JDG2-MF.NS,HDFC ASSET MANAGEM FMP 371D JUN
HANUNG.NS,Hanung Toys and Textiles Limited
HARITASEAT.NS,Harita Seating Systems Limited
HARRMALAYA.NS,Harrisons Malayalam Limited
HATHWAY-IL.NS,HATHWAY CABLE & DA INR2
HATHWAY.NS,Hathway Cable & Datacom Limited
HATSUN.NS,Hatsun Agro Product Limited
HAVELLS.NS,Havells India Limited
HBLPOWER.NS,HBL Power Systems Limited
HBSTOCK.NS,HB Stockholdings Limited
HCC.NS,Hindustan Construction Company Limited
HCG.NS,HealthCare Global Enterprises Limited
HCIL.NS,Himadri Speciality Chemical Limited
HCL-INSYS.NS,HCL Infosystems Limited
HCLTECH.NS,HCL Technologies Limited
HCPO36MORG-MF.NS,HDFC MUTUAL FUND SR I-36M OCT 2
HCPO36MSRG-MF.NS,HDFC MUTUAL FUND CAP PRO 36M RE
HDFC.NS,Housing Development Finance Corporation Limited
HDFCBANK-IL.NS,HDFC BANK INR2
HDFCBANK.NS,HDFC Bank Limited
HDFCMFGETF.NS,HDFC Gold ETF
HDFCNIFETF.NS,HDFC Nifty ETF
HDFCSENETF.NS,HDFC Sensex ETF
HDIL.NS,Housing Development and Infrastructure Limited
HECINFRA-IT.NS,HEC Infra Projects Ltd
HECPROJECT-SM.NS,HEC INFRA PROJECTS INR10
HEG.NS,HEG Limited
HEIDELBERG.NS,HeidelbergCement India Limited
HELIOSMATH-BE.NS,HELIOS & MATHINFTECH LTD.
HELIOSMATH-BZ.NS,HELIOS & MATHINFTECH LTD.
HELIOSMATH.NS,helios and matheson information technology limited
HERCULES.NS,Hercules Hoists Limited
HERITGFOOD.NS,Heritage Foods Limited
HEROMOTOCO.NS,Hero MotoCorp Limited
HESTERBIO.NS,Hester Biosciences Limited
HEXATRADEX.NS,Hexa Tradex Limited
HEXAWARE.NS,Hexaware Technologies Limited
HFCL.NS,Himachal Futuristic Communications Limited
HGS.NS,Hinduja Global Solutions Limited
HIKAL.NS,Hikal Limited
HIL.NS,HIL Limited
HILTON.NS,Hilton Metal Forging Limited
HIMATSEIDE.NS,Himatsingka Seide Limited
HINDALCO.NS,Hindalco Industries Limited
HINDCOMPOS.NS,Hindustan Composites Limited
HINDCOPPER.NS,Hindustan Copper Limited
HINDDORROL.NS,Hindustan Dorr-Oliver Limited
HINDMOTORS.NS,Hindustan Motors Limited
HINDNATGLS.NS,Hindusthan National Glass & Industries Limited
HINDOILEXP.NS,Hindustan Oil Exploration Company Limited
HINDPETRO.NS,Hindustan Petroleum Corporation Limited
HINDSYNTEX.NS,Hind Syntex Limited
HINDUJAFO.NS,Hinduja Foundries Limited
HINDUJAVEN.NS,Hinduja Ventures Limited
HINDUNILVR.NS,Hindustan Unilever Limited
HINDZINC.NS,Hindustan Zinc Limited
HIRECT.NS,Hind Rectifiers Limited
HITACHIHOM.NS,Johnson Controls - Hitachi Air Conditioning India Limited
HITECH-SM.NS,HI TECH PIPES LTD INR10
HITECHGEAR.NS,The Hi-Tech Gears Limited
HITECHPLAS.NS,Hitech Corporation Limited
HMT.NS,HMT Limited
HMVL.NS,Hindustan Media Ventures Limited
HNGSNGBEES.NS,Goldman Sachs Hang Seng BeES ETF
HOCL.NS,Hindustan Organic Chemicals Limited
HONAUT.NS,Honeywell Automation India Limited
HONDAPOWER.NS,Honda Siel Power Products Limited
HOTELEELA.NS,Hotel Leelaventure Limited
HOTELRUGBY.NS,Hotel Rugby Limited
HOVS.NS,HOV Services Limited
HRGESSRD1-MF.NS,HDFC ASSET MANAGEM SR 1-FEB 201
HRGESSRG1-MF.NS,HDFC ASSET MANAGEM SR 1-FEB 201
HRGESSRG2-MF.NS,HDFC MUTUAL FUND HDFC-RAJ GANDH
HSIL.NS,HSIL Limited
HTMEDIA.NS,HT Media Limited
HUBTOWN.NS,Hubtown Limited
HUSYS.NS,Husys Consulting Limited
IBREALEST.NS,Indiabulls Real Estate Limited
IBULHSGFIN.NS,Indiabulls Housing Finance Limited
IBVENTURES.NS,Indiabulls Ventures Limited
IBWSL.NS,SORIL Holdings and Ventures Limited
ICICIBANK.NS,ICICI Bank Limited
ICIL.NS,Indo Count Industries Limited
ICNX100.NS,ICICI Prudential Nifty100 ETF
ICRA.NS,ICRA Limited
ICSA.NS,ICSA (India) Limited
IDBI.NS,IDBI Bank Limited
IDBIGOLD.NS,IDBI Gold ETF
IDEA.NS,Idea Cellular Limited
IDFC-IL.NS,IDFC LIMITED INR10
IDFC.NS,IDFC Limited
IDFCBANK-BE.NS,IDFC Bank Limited
IDFCBANK.NS,IDFC Bank Limited
IDR1ADP-MF.NS,IDBI ASSET MGMT SR I PLAN A-DIV
IDR1AGD-MF.NS,IDBI ASSET MGMT SR I PLAN A-GRO
IFBAGRO.NS,IFB Agro Industries Limited
IFBIND.NS,IFB Industries Limited
IFCI.NS,IFCI Limited
IFGLREFRAC.NS,IFGL Refractories Limited
IGARASHI.NS,Igarashi Motors India Limited
IGL.NS,Indraprastha Gas Limited
IGOLD.NS,ICICI Prudential GOLD ETF
IGPL.NS,I G Petrochemicals Limited
IIFL.NS,IIFL Holdings Limited
IITL.NS,Industrial Investment Trust Limited
IL&FSENGG.NS,IL&FS Engineering and Construction Company Limited
IL&FSTRAN.NS,IL&FS Transportation Networks Limited
IL&FSTRANS.NS,IL&FS Transportation Networks Limited
IMFA.NS,Indian Metals and Ferro Alloys Limited
IMPAL.NS,India Motor Parts and Accessories Limited
IMPEXFERRO.NS,Impex Ferro Tech Limited
INDBANK.NS,Indbank Merchant Banking Services Limited
INDHOTEL.NS,The Indian Hotels Company Limited
INDIACEM.NS,The India Cements Limited
INDIAGLYCO.NS,India Glycols Limited
INDIANB.NS,Indian Bank
INDIANCARD.NS,The Indian Card Clothing Company Limited
INDIANHUME.NS,The Indian Hume Pipe Company Limited
INDIGO.NS,InterGlobe Aviation Limited
INDLMETER.NS,IMP Powers Limited
INDNIPPON.NS,India Nippon Electricals Limited
INDOCO.NS,Indoco Remedies Limited
INDORAMA.NS,Indo Rama Synthetics (India) Limited
INDOSOLAR.NS,Indosolar Limited
INDOTECH.NS,Indo Tech Transformers Limited
INDOTHAI.NS,Indo Thai Securities Limited
INDOWIND-BE.NS,INDOWIND ENERGY INR10
INDOWIND.NS,Indowind Energy Limited
INDRAMEDCO.NS,Indraprastha Medical Corporation Limited
INDSWFTLAB.NS,Ind-Swift Laboratories Limited
INDSWFTLTD-BE.NS,IND-SWIFT LIMITED
INDSWFTLTD.NS,Ind-Swift Limited
INDTERRAIN.NS,Indian Terrain Fashions Limited
INDUSFILA-BE.NS,INDUS FILA LIMITED
INDUSFILA-BZ.NS,INDUS FILA LIMITED
INDUSFILA.NS,Indus Fila Limited
INDUSINDBK-IL.NS,INDUSIND BANK INR10
INDUSINDBK.NS,IndusInd Bank Limited
INFINITE.NS,Infinite Computer Solutions (India) Limited
INFOBEANS-IT.NS,InfoBeans Tech Ltd
INFOMEDIA.NS,Infomedia Press Limited
INFRABEES.NS,RELIANCE NIPPON LI RELIANCE ETF
INFRATEL.NS,Bharti Infratel Limited
INFY.NS,Infosys Limited
INGERRAND.NS,Ingersoll-Rand (India) Limited
INIFTY.NS,ICICI Prudential Nifty ETF
INNOIND-BZ.NS,INNOVENTIVE IND LTD
INNOIND.NS,Innoventive Industries Limited
INOXLEISUR.NS,Inox Leisure Limited
INOXWIND.NS,Inox Wind Limited
INSECTICI.NS,Insecticides (India) Limited
INSECTICID.NS,Insecticides (India) Limited
INTEGRA-BE.NS,INTEGRA GARMENTS A INR3
INTEGRA.NS,Integra Garments and Textiles Limited
INTELLECT.NS,Intellect Design Arena Limited
INVENTURE.NS,Inventure Growth & Securities Limited
IOB.NS,Indian Overseas Bank
IOC.NS,Indian Oil Corporation Limited
IOLCP.NS,IOL Chemicals and Pharmaceuticals Limited
IPAPPM.NS,International Paper APPM Limited
IPCALAB-IL.NS,IPCA LABORATORIES INR2
IPCALAB.NS,Ipca Laboratories Limited
IPGETF.NS,ICICI Prudential GOLD ETF
IPRU-8484-MF.NS,ICICIPRAMC - IPRU-8484
IPRU2262-MF.NS,ICICI PRUDENTIAL A EQUITY SAVIN
IPRU2317-MF.NS,ICICI PRUDENTIAL A 73 830D J RE
IPRU2580-MF.NS,ICICI PRUDENTIAL A CAP PRO ORIE
IRB.NS,IRB Infrastructure Developers Limited
ISENSEX.NS,ICICI PRUDENTIAL A ICICI PRUDEN
ISFT-BE.NS,ISFT-BE.NS
ISFT.NS,IntraSoft Technologies Limited
ISMTLTD.NS,ISMT Limited
ITC.NS,ITC Limited
ITDCEM.NS,ITD Cementation India Limited
ITI.NS,ITI Limited
IVC.NS,IL&FS Investment Managers Limited
IVP.NS,IVP Limited
IVRCLINFRA.NS,IVRCL Limited
IZMO.NS,IZMO Limited
J&KBANK.NS,The Jammu and Kashmir Bank Limited
JAGRAN.NS,Jagran Prakashan Limited
JAGSNPHARM.NS,Jagsonpal Pharmaceuticals Limited
JAIBALAJI.NS,Jai Balaji Industries Limited
JAICORPLTD.NS,Jai Corp Limited
JAIHINDPRO.NS,Jaihind Projects Limited
JAINSTUDIO-BE.NS,JAIN STUDIOS LTD
JAINSTUDIO.NS,Jain Studios Limited
JAMNAAUTO.NS,Jamna Auto Industries Limited
JAYAGROGN.NS,Jayant Agro-Organics Limited
JAYBARMARU.NS,Jay Bharat Maruti Limited
JAYNECOIND.NS,Jayaswal Neco Industries Limited
JAYSREETEA.NS,JAYSHREE TEA INR5
JBCHEPHARM.NS,J. B. Chemicals & Pharmaceuticals Limited
JBFIND.NS,JBF Industries Limited
JBMA.NS,JBM Auto Limited
JCTEL.NS,JCT Electronics Limited
JENSONICOL.NS,Jenson & Nicholson (India) Limited
JETAIRWAYS.NS,Jet Airways (India) Limited
JEYPORE.NS,Jeypore Sugar Company Ltd.
JHS-BZ.NS,JHS SVEND. LAB. LTD
JHS.NS,JHS Svendgaard Laboratories Limited
JIKIND-BE.NS,JIK INDUSTRIES INR10
JIKIND.NS,JIK Industries Limited
JINDALPHOT.NS,Jindal Photo Limited
JINDALPOLY.NS,Jindal Poly Films Limited
JINDALSAW.NS,Jindal Saw Limited
JINDALSTEL.NS,Jindal Steel & Power Limited
JINDCOT.NS,Jindal Cotex Limited
JINDRILL.NS,Jindal Drilling & Industries Limited
JINDWORLD.NS,Jindal Worldwide Limited
JISLDVREQS.NS,Jain Irrigation Systems Limited
JISLJALEQS.NS,Jain Irrigation Systems Limited
JKCEMENT.NS,J.K. Cement Limited
JKIL.NS,J. Kumar Infraprojects Limited
JKLAKSHMI.NS,JK Lakshmi Cement Limited
JKPAPER.NS,JK Paper Limited
JKTYRE.NS,JK Tyre & Industries Limited
JMA.NS,Jullundur Motor Agency (Delhi) Limited
JMCPROJECT.NS,JMC Projects (India) Limited
JMFINANCIL.NS,JM Financial Limited
JMTAUTOLTD.NS,JMT Auto Limited
JOCIL.NS,Jocil Limited
JPASSOCIAT.NS,Jaiprakash Associates Limited
JPINFRATEC.NS,Jaypee Infratech Limited
JPOLYINVST.NS,Jindal Poly Investment and Finance Company Limited
JPPOWER.NS,Jaiprakash Power Ventures Limited
JSL-BE.NS,JINDAL STAINLESS INR2
JSL.NS,Jindal Stainless Limited
JSLHISAR.NS,Jindal Stainless (Hisar) Limited
JSWENERGY.NS,JSW Energy Limited
JSWHL.NS,JSW Holdings Limited
JSWSTEEL-P1.NS,JSW STEEL LTD INR10 10% CUM RED
JSWSTEEL-P2.NS,JSW STEEL LTD 0.01% PRF 15/03/1
JSWSTEEL.NS,JSW Steel Limited
JUBILANT.NS,Jubilant Life Sciences Limited
JUBLFOOD.NS,Jubilant FoodWorks Limited
JUBLINDS.NS,Jubilant Industries Limited
JUMBO-BZ.NS,JUMBO-BZ.NS
JUNIORBEES.NS,Goldman Sachs Junior BeES ETF
JUSTDIAL.NS,Just Dial Limited
JVLAGRO.NS,JVL Agro Industries Limited
JYOTHYLAB.NS,Jyothy Laboratories Limited
JYOTISTRUC.NS,Jyoti Structures Limited
KABRAEXTRU.NS,Kabra Extrusiontechnik Limited
KAJARIACER.NS,Kajaria Ceramics Limited
KAKATCEM.NS,Kakatiya Cement Sugar and Industries Limited
KALINDEE.NS,Kalindee Rail Nirman (Engineers) Limited
KALPATPOWR.NS,Kalpataru Power Transmission Limited
KALYANIFRG-BE.NS,KALYANI FORGE INR10
KALYANIFRG.NS,Kalyani Forge Limited
KAMATHOTEL.NS,Kamat Hotels (India) Limited
KAMDHENU.NS,Kamdhenu Limited
KANANIIND.NS,Kanani Industries Limited
KANORICHEM.NS,Kanoria Chemicals & Industries Limited
KANSAINER.NS,Kansai Nerolac Paints Limited
KARMAENG.NS,Karma Energy Limited
KARURVYSYA.NS,The Karur Vysya Bank Limited
KAUSHALYA.NS,Kaushalya Infrastructure Development Corporation Limited
KAVVERITEL.NS,Kavveri Telecom Products Limited
KAYA-BE.NS,Kaya Limited
KAYA.NS,Kaya Limited
KBIL.NS,Kirloskar Brothers Investments Ltd.
KCP.NS,The KCP Limited
KCPSUGIND.NS,K.C.P. Sugar and Industries Corporation Limited
KDDL.NS,KDDL Limited
KEC.NS,KEC International Limited
KECL.NS,Kirloskar Electric Company Limited
KEI.NS,KEI Industries Limited
KELLTONTEC.NS,Kellton Tech Solutions Limited
KEMROCK.NS,Kemrock Industries and Exports Limited
KERNEX-BE.NS,KERNEX MICROSYSTEM INR10
KERNEX.NS,Kernex Microsystems (India) Limited
KESARENT.NS,Kesar Enterprises Limited
KESORAMIND-BE.NS,KESORAM INDUSTRIES INR10
KESORAMIND-BZ.NS,KESORAM INDUSTRIES LTD
KESORAMIND.NS,Kesoram Industries Limited
KEYCORPSER-BE.NS,KEYNOTECORPORATE
KEYCORPSER.NS,Keynote Corporate Services Limited
KFA-BZ.NS,KINGFISHER AIRLINES LTD
KGL.NS,Karuturi Global Limited
KHAITANELE.NS,Khaitan Electricals Limited
KHAITANLTD-BE.NS,KHAITAN (INDIA) LTD. INR10
KHAITANLTD.NS,Khaitan (India) Limited
KHANDSE.NS,Khandwala Securities Limited
KICL.NS,Kalyani Investment Company Limited
KIL.NS,Kamdhenu Limited
KILITCH.NS,Kilitch Drugs (India) Limited
KIRIINDUS.NS,Kiri Industries Limited
KIRLOSBROS.NS,Kirloskar Brothers Limited
KIRLOSENG.NS,Kirloskar Oil Engines Limited
KIRLOSIND.NS,Kirloskar Industries Limited
KITEX.NS,Kitex Garments Limited
KITPLYIND-BZ.NS,KITPLY INDUSTRIES LTD
KKCL.NS,Kewal Kiran Clothing Limited
KMSUGAR-BE.NS,KM SUGAR MILLS LTD INR2
KMSUGAR.NS,K M Sugar Mills Limited
KNRCON.NS,KNR Constructions Limited
KOHINOOR.NS,Kohinoor Foods Limited
KOKUYOCMLN.NS,Kokuyo Camlin Limited
KOLTEPATIL.NS,Kolte-Patil Developers Limited
KOPDRUGS-BZ.NS,KDL BIOTECH LIMITED
KOPRAN.NS,Kopran Limited
KOTAKBANK-IL.NS,KOTAK MAHINDRA BAN INR5
KOTAKBANK.NS,Kotak Mahindra Bank Limited
KOTAKBKETF.NS,Kotak Banking ETF
KOTAKGOLD.NS,Kotak Gold ETF
KOTAKNIFTY.NS,Kotak Nifty ETF
KOTAKNV20.NS,Kotak NV 20 ETF
KOTAKPSUBK.NS,Kotak PSU Bank ETF
KOTARISUG.NS,Kothari Sugars and Chemicals Limited
KOTHARIPET.NS,Kothari Petrochemicals Limited
KOTHARIPRO.NS,Kothari Products Limited
KOVAI.NS,Kovai Medical Center & Hospital Ltd.
KPIT.NS,KPIT Technologies Limited
KPRMILL.NS,K.P.R. Mill Limited
KRBL.NS,KRBL Limited
KRIDHANINF.NS,KRIDHAN INFRA LIMI INR2
KRISHNAENG-BE.NS,KRISHNAENGGWORKS
KRISHNAENG-BZ.NS,KRISHNAENGGWORKS
KRISHNAENG.NS,KRISHNA ENGINEERING WORKS LTD.
KSBPUMPS.NS,KSB Pumps Limited
KSCL-IL.NS,KAVERI SEED COMPAN INR2
KSCL.NS,Kaveri Seed Company Limited
KSE-BE.NS,KSE-BE.NS
KSERASERA-BE.NS,KSS LTD INR1
KSERASERA.NS,KSS Limited
KSK.NS,KSK Energy Ventures Limited
KSL.NS,Kalyani Steels Limited
KSOILS.NS,KS Oils Ltd.
KTIL.NS,Kesar Terminals & Infrastructure Limited
KTKBANK.NS,The Karnataka Bank Limited
KWALITY.NS,Kwality Limited
L&TFH.NS,L&T Finance Holdings Limited
LAKPRE.NS,Lakshmi Precision Screws Limited
LAKSHMIEFL.NS,LAKSHMI ENERGY & F INR2
LAKSHMIFIN-BE.NS,LAKSHMIFIN-BE.NS
LAKSHVILAS.NS,The Lakshmi Vilas Bank Limited
LALPATHLAB.NS,Dr. Lal PathLabs Limited
LAMBODHARA.NS,Lambodhara Textiles Limited
LAOPALA.NS,La Opala RG Limited
LAXMIMACH.NS,Lakshmi Machine Works Limited
LCCINFOTEC-BE.NS,LCC INFOTECH INR2
LCCINFOTEC.NS,LCC Infotech Limited
LFIC-BE.NS,Lakshmi Fin Ind Corp Ltd
LFIC.NS,Lakshmi Finance & Industrial Corporation Limited
LGBBROSLTD.NS,L.G. Balakrishnan & Bros Limited
LGBFORGE.NS,LGB Forge Limited
LIBERTSHOE.NS,Liberty Shoes Limited
LICHSGFIN.NS,LIC Housing Finance Limited
LICNETFGSC.NS,LIC MUTUAL FUND G-SEC LONG TERM
LICNETFN50.NS,LIC MUTUAL FUND ETF- NIFTY 50-
LICNFENGP.NS,LIC MF ETF Nifty 50
LINCOLN.NS,LINCOLN PHARMA LTD INR10
LINCPEN.NS,LINC PEN & PLASTIC INR10
LINDEINDIA.NS,Linde India Limited
LIQUIDBEES.NS,Goldman Sachs Liquid BeES ETF
LITL.NS,Lanco Infratech Limited
LLOYDELENG.NS,LEEL Electricals Limited
LLOYDFIN.NS,LLOYDS FINANCE INR10
LML.NS,LML Limited
LOKESHMACH.NS,Lokesh Machines Limited
LOTUSEYE.NS,Lotus Eye Hospital and Institute Limited
LOVABLE.NS,Lovable Lingerie Limited
LPDC.NS,Landmark Property Development Company Limited
LT.NS,Larsen & Toubro Limited
LTMFXTG-MF.NS,L&T MUTUAL FUND FMP GRWT OPT 03
LUMAXAUTO.NS,Lumax Automotive Systems Limited
LUMAXIND.NS,Lumax Industries Limited
LUMAXTECH.NS,Lumax Auto Technologies Limited
LUPIN-IL.NS,LUPIN LTD INR2
LUPIN.NS,Lupin Limited
LUXIND.NS,Lux Industries Limited
LYCOS.NS,Lycos Internet Limited
LYKALABS.NS,Lyka Labs Limited
LYPSAGEMS.NS,Lypsa Gems & Jewellery Limited
M&M.NS,Mahindra & Mahindra Limited
M&MFIN.NS,Mahindra & Mahindra Financial Services Limited
M100.NS,Motilal Oswal MOSt Shares Midcap 100 ETF
M50.NS,Motilal Oswal MOSt Shares M50 ETF
MAANALU.NS,Maan Aluminium Limited
MADHAV.NS,Madhav Marbles and Granites Limited
MADHUCON.NS,Madhucon Projects Limited
MADRASFERT.NS,Madras Fertilizers Limited
MAGMA.NS,Magma Fincorp Limited
MAGNUM.NS,Magnum Ventures Limited
MAHABANK.NS,Bank of Maharashtra
MAHINDCIE.NS,Mahindra CIE Automotive Limited
MAHLIFE.NS,Mahindra Lifespace Developers Limited
MAHSCOOTER.NS,Maharashtra Scooters Limited
MAHSEAMLES.NS,Maharashtra Seamless Limited
MAITHANALL.NS,Maithan Alloys Limited
MAJESCO-BE.NS,Majesco Limited
MAJESCO.NS,MAJESCO LIMITED INR5
MALUPAPER.NS,Malu Paper Mills Limited
MALWACOTT-BE.NS,MALWA COTTON SPG. MILLS L
MALWACOTT.NS,Malwa Cotton Spinning Mills Limited
MANAKALUCO-BE.NS,Manak Aluminium Co. Ltd.
MANAKALUCO.NS,MANAKSIA ALUMINIUM INR1
MANAKCOAT-BE.NS,Man Coat Metal & Ind Ltd
MANAKCOAT.NS,MANAKSIA COATED ME INR1
MANAKINDST-BE.NS,Manaksia Industries Ltd
MANAKINDST.NS,MANAKSIA INDUSTRIE INR1
MANAKSIA.NS,Manaksia Limited
MANAKSTEEL-BE.NS,Manaksia Steels Ltd
MANAKSTEEL.NS,MANAKSIA STEELS LT INR1
MANALIPETC.NS,Manali Petrochemicals Limited
MANAPPURAM.NS,Manappuram Finance Limited
MANDHANA.NS,Mandhana Industries Limited
MANGALAM.NS,Mangalam Drugs & Organics Limited
MANGCHEFER.NS,Mangalore Chemicals & Fertilizers Limited
MANGLMCEM.NS,Mangalam Cement Limited
MANGTIMBER.NS,Mangalam Timber Products Limited
MANINDS.NS,Man Industries (India) Limited
MANINFRA.NS,Man Infraconstruction Limited
MANPASAND.NS,Manpasand Beverages Limited
MANUGRAPH.NS,Manugraph India Limited
MARALOVER.NS,Maral Overseas Limited
MARICO.NS,Marico Limited
MARKSANS.NS,Marksans Pharma Limited
MARUTI-IL.NS,MARUTI SUZUKI IND INR5
MARUTI.NS,Maruti Suzuki India Limited
MASTEK-BE.NS,MASTEK - DEPO SETT
MASTEK.NS,Mastek Limited
MAWANASUG.NS,Mawana Sugars Limited
MAX.NS,Max Financial Services Limited
MAXWELL.NS,VIP Clothing Limited
MAYURUNIQ.NS,Mayur Uniquoters Limited
MBECL.NS,McNally Bharat Engineering Company Limited
MBLINFRA.NS,MBL Infrastructures Limited
MC6RD-MF.NS,SUNDARAM ASSET MAN SELECT MICRO
MCDHOLDING.NS,McDowell Holdings Limited
MCDOWELL-N.NS,UNITED SPIRITS INR10
MCLEODRUSS.NS,McLeod Russel India Limited
MCX-IL.NS,MULTI COMMODITY EX INR10
MCX.NS,Multi Commodity Exchange of India Limited
MEGASOFT.NS,Megasoft Limited
MEGH.NS,Meghmani Organics Limited
MELSTAR-BE.NS,MELSTAR INFORMATION TECH
MELSTAR.NS,Melstar Information Technologies Limited
MENONBE.NS,Menon Bearings Limited
MEP.NS,MEP Infrastructure Developers Limited
MERCATOR.NS,Mercator Limited
MERCK.NS,Merck Limited
METALFORGE.NS,Metalyst Forgings Limited
METKORE.NS,Metkore Alloys & Industries Limited
MFSL.NS,Max Financial Services Limited
MHRIL.NS,Mahindra Holidays & Resorts India Limited
MIC.NS,MIC Electronics Limited
MICROSEC.NS,Sastasundar Ventures Limited
MINDACORP.NS,Minda Corporation Limited
MINDAIND.NS,Minda Industries Limited
MINDTREE.NS,Mindtree Limited
MIRCELECTR.NS,MIRC Electronics Limited
MIRZAINT.NS,Mirza International Limited
MITCON-SM.NS,MITCON CONSU & ENG INR10
MMFL.NS,MM Forgings Limited
MMNL-IT.NS,MIG Media Neurons Limited
MMNL.NS,Mig Media Neurons Limited
MMTC.NS,MMTC Limited
MOHITIND.NS,Mohit Industries Limited
MOIL.NS,MOIL Limited
MOLDTKPAC.NS,Mold-Tek Packaging Limited
MOMAI-SM.NS,MOMAI APPARELS LTD INR10
MONNETISPA.NS,Monnet Ispat and Energy Limited
MONSANTO.NS,Monsanto India Limited
MONTECARLO.NS,Monte Carlo Fashions Limited
MORARJEE.NS,Morarjee Textiles Limited
MOREPENLAB.NS,Morepen Laboratories Limited
MOSERBAER.NS,Moser Baer India Limited
MOTHERSUMI.NS,Motherson Sumi Systems Limited
MOTILALOFS.NS,Motilal Oswal Financial Services Limited
MOTOGENFIN-BE.NS,MOTOR & GENERAL FINANCE L
MOTOGENFIN.NS,The Motor & General Finance Limited
MPHASIS.NS,MphasiS Limited
MPSLTD.NS,MPS Limited
MRF.NS,MRF Limited
MRO-TEK.NS,MRO-TEK Realty Limited
MRPL.NS,Mangalore Refinery and Petrochemicals Limited
MSPL.NS,MSP Steel & Power Limited
MTEDUCARE.NS,MT Educare Limited
MTNL.NS,Mahanagar Telephone Nigam Limited
MUKANDENGG.NS,Mukand Engineers Limited
MUKANDLTD-P1.NS,MUKAND 0.01 % CUM RED PRF INR10
MUKANDLTD.NS,Mukand Limited
MUKTAARTS.NS,Mukta Arts Limited
MUNJALAU.NS,Munjal Auto Industries Limited
MUNJALSHOW.NS,Munjal Showa Limited
MURLIIND.NS,Murli Industries Ltd.
MURUDCERA.NS,Murudeshwar Ceramics Limited
MUTHOOTCAP.NS,MUTHOOT CAPITAL SE INR10
MUTHOOTFIN.NS,Muthoot Finance Limited
MVL.NS,MVL Limited
MYSOREBANK.NS,State Bank of Mysore
N100.NS,Motilal Oswal MOSt Shares NASDAQ 100 ETF
NAGAROIL.NS,Nagarjuna Oil Refinery Limited
NAGREEKCAP.NS,NAGREEKA CAPITAL & INR5
NAGREEKEXP.NS,Nagreeka Exports Limited
NAHARCAP.NS,Nahar Capital and Financial Services Limited
NAHARINDUS.NS,Nahar Industrial Enterprises Limited
NAHARPOLY.NS,Nahar Poly Films Limited
NAHARSPING.NS,Nahar Spinning Mills Ltd
NAKODA.NS,Nakoda Limited
NATCOPHARM.NS,Natco Pharma Limited
NATHBIOGEN-BE.NS,Nath Bio-Genes (I) Ltd
NATHBIOGEN.NS,Nath Bio-Genes (India) Limited
NATIONALUM.NS,National Aluminium Company Limited
NATNLSTEEL-BE.NS,NATIONAL STEEL & AGRO IND
NATNLSTEEL.NS,National Steel and Agro Industries Limited
NAUKRI.NS,Info Edge (India) Limited
NAVINFLUOR.NS,Navin Fluorine International Limited
NAVKARCORP.NS,Navkar Corporation Limited
NAVNETEDUL.NS,Navneet Education Limited
NBCC.NS,NBCC (India) Limited
NBVENTURES.NS,Nava Bharat Ventures Limited
NCC.NS,NCC Limited
NCLIND.NS,NCL Industries Limited
NCOPPER-BE.NS,NISSAN COPPER LTD INR10
NCOPPER-BZ.NS,NISSAN COPPER LIMITED
NCOPPER.NS,Nissan Copper Limited
NDL.NS,Nandan Denim Limited
NDTV.NS,New Delhi Television Limited
NECCLTD.NS,North Eastern Carrying Corporation Limited
NECLIFE.NS,Nectar Lifesciences Limited
NELCAST.NS,Nelcast Limited
NELCO.NS,Nelco Limited
NEOCORP-BE.NS,NEOCORP-BE.NS
NEPCMICON-BE.NS,NEPC INDIA LTD
NEPCMICON.NS,NEPC India Limited
NESCO.NS,Nesco Limited
NESTLEIND.NS,Nestlé India Limited
NET4.NS,Net 4 India Limited
NETWORK18.NS,Network18 Media & Investments Limited
NEULANDLAB.NS,Neuland Laboratories Limited
NEXTMEDIA.NS,Next Mediaworks Limited
NEYVELILIG.NS,Neyveli Lignite Corporation Limited
NFL.NS,National Fertilizers Limited
NGCT-BE.NS,NORTHGATE COM TECH INR10
NGCT.NS,Spacenet Enterprises India Limited
NH.NS,Narayana Hrudayalaya Limited
NHPC.NS,NHPC Limited
NIBL-BE.NS,NRB INDUSTRIAL BEA INR2
NIBL.NS,NRB Industrial Bearings Limited
NICCO-BE.NS,NICCO CORPN INR2
NICCO.NS,Nicco Corporation Limited
NIFTYBEES.NS,Goldman Sachs Nifty BeES ETF
NIFTYEES.NS,Edelweiss ETF - Nifty 50
NIITLTD.NS,NIIT Limited
NIITTECH.NS,NIIT Technologies Limited
NILAINFRA.NS,NILA INFRASTRUCTUR INR1
NILKAMAL.NS,Nilkamal Limited
NIPPOBATRY.NS,Indo National Limited
NIRVIKARA-BE.NS,Nirvikara Paper Mills Ltd
NIRVIKARA.NS,Balkrishna Paper Mills Limited
NITCO.NS,Nitco Limited
NITESHEST.NS,Nitesh Estates Limited
NITINFIRE.NS,Nitin Fire Protection Industries Limited
NITINSPIN.NS,Nitin Spinners Ltd.
NKIND.NS,N.K Industries Limited
NMDC.NS,NMDC Limited
NOCIL.NS,NOCIL Limited
NOESISIND.NS,Noesis Industries Limited
NOIDATOLL.NS,Noida Toll Bridge Company Limited
NORBTEAEXP-BE.NS,NORBEN TEA &EXPORTS LTD
NORBTEAEXP.NS,Norben Tea & Exports Ltd
NRBBEARING.NS,NRB Bearings Limited
NRC-BZ.NS,NRC LIMITED
NSIL.NS,Nalwa Sons Investments Limited
NTPC.NS,NTPC Limited
NUCLEUS.NS,Nucleus Software Exports Limited
NUTEK.NS,Nu Tek India Limited
OBEROIRLTY.NS,Oberoi Realty Limited
OCCL.NS,ORIENTAL CARB & CH INR10
OCL.NS,OCL India Limited
OFSS.NS,Oracle Financial Services Software Limited
OIL.NS,Oil India Limited
OILCOUNTUB.NS,Oil Country Tubular Limited
OISL.NS,OCL Iron & Steel Limited
OMAXAUTO.NS,Omax Autos Limited
OMAXE.NS,Omaxe Limited
OMKARCHEM.NS,Omkar Speciality Chemicals Limited
OMMETALS.NS,Om Metals Infraprojects Limited
OMNITECH.NS,Omnitech Infosolutions Ltd
ONELIFECAP.NS,Onelife Capital Advisors Limited
ONGC.NS,Oil and Natural Gas Corporation Limited
ONMOBILE.NS,OnMobile Global Limited
ONWARDTEC.NS,Onward Technologies Limited
OPAL-SM.NS,OPAL LUXURY TIME P INR10
OPTOCIRCUI.NS,Opto Circuits (India) Ltd
ORBITCORP.NS,Orbit Corporation Limited
ORBTEXP.NS,Orbit Exports Limited
ORCHIDPHAR.NS,Orchid Pharma Limited
ORICONENT.NS,ORICON ENTERPRISES INR2
ORIENTABRA.NS,Orient Abrasives Limited
ORIENTALTL-BE.NS,ORIENTAL TRIMEX LTD INR10
ORIENTALTL.NS,Oriental Trimex Limited
ORIENTBANK.NS,Oriental Bank of Commerce
ORIENTBELL.NS,Orient Bell Limited
ORIENTCEM.NS,Orient Cement Limited
ORIENTHOT.NS,Oriental Hotels Limited
ORIENTLTD.NS,Orient Press Limited
ORIENTPPR.NS,Orient Paper & Industries Limited
ORIENTREF.NS,Orient Refractories Limited
ORISSAMINE.NS,The Orissa Minerals Development Company Limited
ORTEL.NS,Ortel Communications Limited
ORTINLABSS-BE.NS,Ortin Laboratories Ltd
ORTINLABSS.NS,ORTIN LABORATORIES INR10
OUDHSUG.NS,The Oudh Sugar Mills Limited
PAEL.NS,PAE Limited
PAGEIND.NS,Page Industries Limited
PALRED.NS,Palred Technologies Limited
PALREDTECH-BE.NS,Palred Technologies Ltd
PALREDTECH.NS,PALRED TECHNOLOGIE INR10
PANACEABIO.NS,Panacea Biotec Limited
PANAMAPET.NS,Panama Petrochem Limited
PANASONIC.NS,Panasonic Appliances India Company Limited
PANCHSHEE.NS,PANCHSHEE.NS
PANORAMUNI.NS,Panoramic Universal Limited
PAPERPROD.NS,Huhtamaki PPL Limited
PARABDRUGS.NS,Parabolic Drugs Limited
PARACABLES.NS,Paramount Communications Limited
PARAL-BZ.NS,PAREKH ALUM. LTD
PARAPRINT-BE.NS,PARAMOUNT PRINTPACK LTD
PARAPRINT.NS,Paramount Printpackaging Limited
PARASPETRO-BE.NS,PARAS PETROFILS LTD.
PARASPETRO.NS,Paras Petrofils Ltd
PARRYSUGAR.NS,Parrys Sugar Industries Limited
PARSVNATH.NS,Parsvnath Developers Limited
PATELENG.NS,Patel Engineering Limited
PATINTLOG.NS,Patel Integrated Logistics Limited
PATSPINLTD.NS,Patspin India Limited
PBAINFRA.NS,PBA Infrastructure Limited
PCJEWELLER.NS,PC Jeweller Limited
PDMJEPAPER.NS,Pudumjee Paper Products Limited
PDPL.NS,Parenteral Drugs (India) Limited
PDSMFL.NS,PDS Multinational Fashions Limited
PDUMJEIND.NS,Pudumjee Industries Limited
PDUMJEPULP.NS,Pudumjee Pulp & Paper Mills Limited
PEARLPOLY.NS,Pearl Polymers Limited
PEL.NS,Piramal Enterprises Limited
PENIND.NS,Pennar Industries Limited
PENINLAND.NS,Peninsula Land Limited
PENPEBS-BE.NS,Pennar Eng Bldg Sys Ltd
PENPEBS-BL.NS,PENNAR ENGINEERED INR10
PENPEBS-BT.NS,PENNAR ENGINEERED INR10
PENPEBS-IL.NS,PENNAR ENGINEERED INR10
PENPEBS-IQ.NS,PENNAR ENGINEERED INR10
PENPEBS-RL.NS,PENNAR ENGINEERED INR10
PENPEBS.NS,Pennar Engineered Building Systems Limited
PEPL.NS,PEARL ENG POL INR10(POST RECON)
PERFECT-SM.NS,PERFECT INFRAENGIN INR10
PERIATEA-BE.NS,PERIATEA-BE.NS
PERIATEA.NS,Peria Karamalai Tea & Produce Co. Ltd.
PERSISTENT.NS,Persistent Systems Limited
PETRONENGG.NS,Petron Engineering Construction Limited
PETRONET-IL.NS,PETRONET LNG INR10
PETRONET.NS,Petronet LNG Limited
PFC.NS,Power Finance Corporation Limited
PFIZER.NS,Pfizer Limited
PFOCUS.NS,Prime Focus Limited
PFRL.NS,Aditya Birla Fashion and Retail Limited
PFS.NS,PTC India Financial Services Limited
PGEL.NS,PG Electroplast Limited
PGHH.NS,Procter & Gamble Hygiene and Health Care Limited
PGIL.NS,Pearl Global Industries Limited
PHILIPCARB.NS,Phillips Carbon Black Limited
PHOENIXLL.NS,Phoenix Lamps Limited
PHOENIXLTD.NS,The Phoenix Mills Limited
PIDILITIND.NS,Pidilite Industries Limited
PIIND.NS,PI Industries Limited
PILANIINVS.NS,Pilani Investment and Industries Corporation Limited
PILIND.NS,PIL Italica Lifestyle Limited
PILITA.NS,PIL ITALICA LIFESTYLE LIMITED
PIONDIST.NS,Pioneer Distilleries Limited
PIONEEREMB.NS,Pioneer Embroideries Limited
PIPAVAVDOC.NS,RELIANCE DEFENCE AND ENGINEERIN
PIRPHYTO.NS,Piramal Phytocare Limited
PITTILAM.NS,Pitti Laminations Limited
PKTEA-BE.NS,The P K Tea Prod Co Ltd
PKTEA.NS,The Peria Karamalai Tea and Produce Company Limited
PLASTIBLEN.NS,Plastiblends India Ltd.
PLETHICO-BE.NS,PLETHICO PHARMA INR10
PLETHICO-BZ.NS,PLETHICO PHARMACE LIMITED
PLETHICO.NS,Plethico Pharmaceuticals Limited
PNB-IL.NS,PUNJAB NATL BANK INR2
PNB.NS,Punjab National Bank
PNBGILTS.NS,PNB Gilts Ltd.
PNC.NS,Pritish Nandy Communications Ltd
PNCINFRA.NS,PNC Infratech Limited
PNEUMATIC-BE.NS,Pneumatic Holdings Ltd
PNEUMATIC.NS,Pneumatic Holdings Limited
POCHIRAJU.NS,Pochiraju Industries Limited
POLARIS.NS,Polaris Consulting & Services Limited
POLYMED.NS,Poly Medicure Limited
POLYPLEX.NS,Polyplex Corporation Limited
PONNIERODE.NS,Ponni Sugars (Erode) Limited
POWERGRID-IL.NS,POWER GRID CORP INR10
POWERGRID.NS,Power Grid Corporation of India Limited
POWERMECH.NS,Power Mech Projects Limited
PPAP.NS,PPAP Automotive Limited
PRABHAT.NS,Prabhat Dairy Limited
PRADIP.NS,Pradip Overseas Limited
PRAENG.NS,Prajay Engineers Syndicate Limited
PRAJIND.NS,Praj Industries Limited
PRAKASH.NS,Prakash Industries Limited
PRAKASHCON.NS,Prakash Constrowell Limited
PRAKASHSTL.NS,Prakash Steelage Limited
PRATIBHA.NS,Pratibha Industries Limited
PRECAM.NS,Precision Camshafts Limited
PRECOT.NS,Precot Meridian Limited
PRECWIRE.NS,Precision Wires India Ltd.
PREMIER.NS,Premier Limited
PREMIERPOL-BE.NS,PREMIER POLYFILM L INR5
PREMIERPOL.NS,Premier Polyfilm Ltd.
PRESSMN.NS,Pressman Advertising Limited
PRESTIGE-IL.NS,PRESTIGE ESTATES PROJECTS LIMIT
PRESTIGE.NS,Prestige Estates Projects Limited
PRICOL.NS,Pricol Limited prior to merger with Pricol Pune Limited
PRIMESECU.NS,Prime Securities Limited
PRISMCEM.NS,Prism Cement Limited
PRITHVI-BZ.NS,PRITHVI INFO. SOLN. LTD.
PRITHVISO.NS,Prithvi Softech Limited
PROVOGE.NS,Provogue (India) Limited
PROZONINTU.NS,Prozone Intu Properties Limited
PSB.NS,Punjab & Sind Bank
PSL-BE.NS,PSL LIMITED
PSL.NS,PSL Limited
PSUBNKBEES.NS,Goldman Sachs PSU Bank BeES ETF
PTC.NS,PTC India Limited
PTL.NS,PTL Enterprises Limited
PUNJABCHEM.NS,Punjab Chemicals and Crop Protection Limited
PUNJLLOYD.NS,Punj Lloyd Limited
PURVA.NS,Puravankara Limited
PVP.NS,PVP Ventures Limited
PVR.NS,PVR Limited
QGOLDHALF.NS,Quantum Gold ETF
QNIFTY.NS,Quantum Index ETF
QUICKHEAL.NS,Quick Heal Technologies Limited
QUINTEGRA.NS,Quintegra Solutions Limited
RADAAN-BE.NS,RADAAN MEDIAWORKS (I) LTD
RADAAN.NS,Radaan Mediaworks India Limited
RADICO.NS,Radico Khaitan Limited
RAIN.NS,Rain Industries Limited
RAINBOWPAP.NS,Rainbow Papers Limited
RAIREKMOH.NS,The Rai Saheb Rekhchand Mohota Spinning & Weaving Mills Ltd.
RAJESHEXPO.NS,Rajesh Exports Limited
RAJOIL-BE.NS,RAJ OIL MILLS LTD INR10
RAJOIL.NS,Raj Oil Mills Limited
RAJPALAYA.NS,Rajapalayam Mills Ltd.
RAJRAYON.NS,Raj Rayon Industries Limited
RAJSREESUG.NS,Rajshree Sugars and Chemicals Limited
RAJTV.NS,Raj Television Network Limited
RAJVIR.NS,Rajvir Industries Limited
RALLIS.NS,Rallis India Limited
RAMANEWS.NS,Shree Rama Newsprint Limited
RAMASTEEL-BE.NS,Rama Steel Tubes Limited
RAMASTEEL.NS,Rama Steel Tubes Limited
RAMCOCEM.NS,The Ramco Cements Limited
RAMCOIND.NS,Ramco Industries Limited
RAMCOSYS.NS,Ramco Systems Limited
RAMKY.NS,Ramky Infrastructure Limited
RAMSARUP-BE.NS,RAMSARUP INDUSTRIE INR10
RAMSARUP.NS,Ramsarup Industries Limited
RANASUG.NS,Rana Sugars Limited
RANBAXY.NS,Ranbaxy Laboratories Ltd.
RANEENGINE.NS,Rane Engine Valve Limited
RANEHOLDIN.NS,Rane Holdings Limited
RANKLIN.NS,Ranklin Solutions Ltd.
RASOYPR.NS,Rasoya Proteins Limited
RATNAMANI.NS,Ratnamani Metals & Tubes Limited
RAYMOND.NS,Raymond Limited
RBL.NS,Rane Brake Lining Limited
RCF.NS,Rashtriya Chemicals And Fertilizers Limited
RCOM.NS,Reliance Communications Limited
RD366D38RG-MF.NS,SBI MUTUAL FUND DEBT 366D 38 RE
RDAFTIIIDG-MF.NS,RELIANCE MUTUAL FD DUAL ADVANTA
RDAFTIIPAG-MF.NS,RELIANCE CAPITAL A RELIANCE DA
RDEL.NS,Reliance Defence and Engineering Limited
RECLTD.NS,Rural Electrification Corporation Limited
REDINGTON.NS,Redington (India) Limited
REFEX.NS,Refex Industries Limited
REGENCERAM-BE.NS,REGENCYCERAMICS-LTD
REGENCERAM.NS,Regency Ceramics Limited
REIAGROLTD-BE.NS,REI AGRO LTD INR1
REIAGROLTD.NS,REI Agro Limited
REISIXTEN.NS,REI Six Ten Retail Limited
RELAXO.NS,Relaxo Footwears Limited
RELBANK.NS,R* Shares Banking ETF
RELCAPITAL.NS,Reliance Capital Limited
RELCNX100.NS,R* Shares CNX 100 ETF
RELCONS.NS,R*Shares Consumption ETF
RELDIVOPP.NS,R*Shares Dividend Opportunities ETF
RELGOLD.NS,R* Shares Gold ETF
RELGRNIFTY.NS,Invesco India Nifty ETF
RELIANCE.NS,Reliance Industries Limited
RELIGARE.NS,Religare Enterprises Limited
RELIGAREGO.NS,Invesco India Gold ETF
RELINFRA.NS,Reliance Infrastructure Limited
RELNIFTY.NS,R* Shares Nifty ETF
RELNV20.NS,R*Shares NV20 ETF
REMSONSIN.NS,Remsons Industries Limited
REMSONSIND.NS,Remsons Industries Limited
RENUKA.NS,Shree Renuka Sugars Limited
REPCOHOME.NS,Repco Home Finance Limited
REPRO.NS,Repro India Limited
RESPONIND.NS,Responsive Industries Limited
REVATHI.NS,Revathi Equipment Limited
RFXXII29GR-MF.NS,RELIANCE CAPITAL A FHF XXI SER
RICOAUTO.NS,Rico Auto Industries Limited
RIIL.NS,Reliance Industrial Infrastructure Limited
RJL.NS,Renaissance Jewellery Limited
RKDL.NS,Ravi Kumar Distilleries Limited
RKFORGE.NS,Ramkrishna Forgings Limited
RMCL.NS,Radha Madhav Corporation Limited
RML.NS,Rane (Madras) Limited
RMMIL.NS,Resurgere Mines & Minerals India Limited
ROHITFERRO.NS,Rohit Ferro-Tech Limited
ROHLTD.NS,Royal Orchid Hotels Limited
ROLTA.NS,Rolta India Limited
ROSSELLIND.NS,Rossell India Limited
RPGLIFE.NS,RPG Life Sciences Limited
RPOWER.NS,Reliance Power Limited
RPPINFRA.NS,RPP Infra Projects Limited
RSDFSA27GR-MF.NS,SBIAMC - RSDFSA27GR
RSSOFTWARE.NS,R. S. Software (India) Limited
RSWM.NS,RSWM Limited
RSYSTEMS.NS,R Systems International Limited
RTNINFRA.NS,RattanIndia Infrastructure Limited
RTNPOWER.NS,RattanIndia Power Limited
RUBYMILLS.NS,The Ruby Mills Limited
RUCHINFRA-BE.NS,RUCHI INFRASTRUCTURE LTD
RUCHINFRA.NS,Ruchi Infrastructure Limited
RUCHIRA.NS,Ruchira Papers Limited
RUCHISOYA.NS,Ruchi Soya Industries Limited
RUPA.NS,Rupa & Company Limited
RUSHIL.NS,Rushil Décor Limited
SABERORGA.NS,SABERO ORGANICS GUJRAT
SABTN.NS,Sri Adhikari Brothers Television Network Limited
SADBHAV.NS,Sadbhav Engineering Limited
SADBHIN.NS,Sadbhav Infrastructure Project Limited
SAGCEM.NS,Sagar Cements Limited
SAHPETRO.NS,GP Petroleums Limited
SAIL.NS,Steel Authority of India Limited
SAKHTISUG.NS,Sakthi Sugars Limited
SAKSOFT.NS,Saksoft Limited
SAKUMA.NS,Sakuma Exports Limited
SALONACOT.NS,Salona Cotspin Limited
SALORAINTL.NS,Salora International Limited
SALSTEEL.NS,S.A.L. Steel Limited
SALZERELEC.NS,SALZER ELECTRONICS INR10
SAMBANDAM.NS,Sambandam Spinning Mills Ltd.
SAMBHAAV-BE.NS,SAMBHAAV-BE.NS
SAMBHAAV.NS,Sambhaav Media Limited
SAMINDUS.NS,Sam Industries Ltd
SAMTEL-BE.NS,SAMTEL COLOR LTD
SAMTEL.NS,Samtel Color Limited
SANCO-SM.NS,SANCO IND LIMITED INR10
SANDESH.NS,The Sandesh Limited
SANGAMIND.NS,Sangam (India) Limited
SANGHIIND-BE.NS,SANGHIINDUS ROLL SETT
SANGHIIND.NS,Sanghi Industries Limited
SANGHVIFOR.NS,Sanghvi Forging & Engineering Limited
SANGHVIMOV.NS,Sanghvi Movers Limited
SANOFI.NS,Sanofi India Limited
SANWARIA.NS,Sanwaria Agro Oils Limited
SARDAEN.NS,Sarda Energy & Minerals Limited
SAREGAMA.NS,Saregama India Limited
SARLAPOLY.NS,Sarla Performance Fibers Limited
SASKEN.NS,Sasken Technologies Limited
SATHAISPAT.NS,Sathavahana Ispat Limited
SATIN-.NS,SATIN CREDIT CARE NETWORK LTD S
SATIN-BE.NS,Satin Credit Net Ltd
SATIN-BL.NS,SATIN CREDIT CARE INR10
SATIN-BT.NS,SATIN CREDIT CARE INR10
SATIN-IL.NS,SATIN CREDIT CARE INR10
SATIN-IQ.NS,SATIN CREDIT CARE INR10
SATIN-RL.NS,SATIN CREDIT CARE INR10
SATIN.NS,Satin Creditcare Network Limited
SAVERA.NS,Savera Industries Limited
SAYAJIHOT.NS,SAYAJIHOT.NS
SAYAJIHOTL-BE.NS,SAYAJIHOTL-BE.NS
SB&TINTL.NS,SB & T INTL LTD INR10
SBBJ.NS,State Bank of Bikaner & Jaipur
SBIN.NS,State Bank of India
SBT.NS,State Bank of Travancore
SC2RD-MF.NS,SUNDARAM MUTUAL FU SEL SMALL CA
SC3RG-MF.NS,SUNDARAM ASSET MAN SELECT SMALL
SCHNEIDER.NS,Schneider Electric Infrastructure Limited
SCI.NS,The Shipping Corporation of India Limited
SDAFIIIGR-MF.NS,SBI MUTUAL FUND SBI DUAL ADVANT
SDBL.NS,Som Distilleries & Breweries Limited
SEAMECLTD.NS,Seamec Limited
SEINV.NS,S.E. Investments Limited
SELAN.NS,Selan Exploration Technology Limited
SELMCL.NS,SEL Manufacturing Company Limited
SEPOWER.NS,S. E. Power Limited
SEQUENT.NS,Sequent Scientific Limited
SERVALL.NS,Servalakshmi Paper Limited
SESHAPAPER.NS,Seshasayee Paper and Boards Limited
SETFGOLD.NS,SBI MUTUAL FUND SBI-ETF GOLD
SETFNIF50.NS,SBI MUTUAL FUND SBI-ETF NIFTY 5
SETFNIFBK.NS,SBI MUTUAL FUND SBI-ETF NIFTY B
SETFNN50.NS,SBI MUTUAL FUND SBI-ETF NIFTY N
SEZAL-BE.NS,SEZAL GLASS INR10
SEZAL.NS,Sejal Glass Limited
SFCL-BE.NS,SFCL-BE.NS
SFCL.NS,Star Ferro and Cement Limited
SGFL-BE.NS,SHREE GANESH FORG INR10
SGFL.NS,Shree Ganesh Forgings Limited
SGJHL.NS,Shree Ganesh Jewellery House (I) Limited
SGL-BE.NS,STL GLOBAL LTD INR10
SGL.NS,STL Global Limited
SHAHALLOYS-BE.NS,SHAH ALLOYS INR10
SHAHALLOYS.NS,Shah Alloys Limited
SHAIVAL-SM.NS,SHAIVAL REALITY LT INR10
SHAKTIPUMP.NS,Shakti Pumps (India) Limited
SHALPAINTS.NS,Shalimar Paints Limited
SHANTIGEAR.NS,Shanthi Gears Limited
SHARDACROP.NS,Sharda Cropchem Limited
SHARDAMOTR.NS,SHARDA MOTOR INDUS INR10
SHARIABEES.NS,Goldman Sachs Shariah BeES ETF
SHARONBIO.NS,Sharon Bio-Medicine Ltd.
SHEMAROO.NS,Shemaroo Entertainment Limited
SHILPAMED.NS,Shilpa Medicare Limited
SHILPI.NS,Shilpi Cable Technologies Limited
SHIRPUR-G.NS,Shirpur Gold Refinery Limited
SHIV-VANI.NS,SVOGL Oil Gas and Energy Limited
SHIVAMAUTO.NS,Shivam Autotech Limited
SHIVTEX.NS,Shiva Texyarn Limited
SHK.NS,S H Kelkar and Company Limited
SHLAKSHMI-BE.NS,SHRI LAKSHMI COTSYN LTD
SHLAKSHMI-BZ.NS,SHRI LAKSHMI COTSYN LTD
SHLAKSHMI.NS,Shri Lakshmi Cotsyn Limited
SHOPERSTOP.NS,Shoppers Stop Limited
SHREECEM.NS,Shree Cement Limited
SHREEPUSHK-BE.NS,Shre Push Chem & Fert Ltd
SHREEPUSHK.NS,Shree Pushkar Chemicals & Fertilisers Limited
SHREERAMA.NS,Shree Rama Multi-Tech Limited
SHRENUJ.NS,Shrenuj & Company Limited
SHREYANIND.NS,Shreyans Industries Limited
SHREYAS-BE.NS,SHREYAS-BE.NS
SHREYAS.NS,Shreyas Shipping and Logistics Limited
SHRIASTER.NS,Shri Aster Silicates Limited
SHRIRAMCIT.NS,Shriram City Union Finance Limited
SHRIRAMEPC.NS,Shriram EPC Limited
SHYAMCENT-BE.NS,Shyam Century Ferrous Ltd
SHYAMCENT.NS,SHYAM CENTURY FERR INR1
SHYAMTEL.NS,Shyam Telecom Limited
SICAGEN.NS,Sicagen India Limited
SICAL.NS,Sical Logistics Limited
SIEMENS.NS,Siemens Limited
SIGNET.NS,SIGNET INDUSTRIES INR1
SIGNETIND.NS,Signet Industries Limited
SIIL-SM.NS,SUPREME (INDIA) IM INR10
SIL.NS,Standard Industries Limited
SILINV.NS,SIL Investments Ltd.
SIMBHALS.NS,Simbhaoli Sugars Limited
SIMPLEX.NS,Simplex Projects Limited
SIMPLEXCA.NS,SIMPLEX CASTINGS LTD.
SIMPLEXINF.NS,Simplex Infrastructures Limited
SINTEX.NS,Sintex Industries Limited
SIRPAPER-BZ.NS,SIRPUR PAPER MILLS LTD
SIRPAPER.NS,Sirpur Paper Mills Ltd.
SITASHREE-BE.NS,SITA SHREE FOOD PR INR10
SITASHREE.NS,Sita Shree Food Products Limited
SITICABLE.NS,SITI Networks Limited
SIYSIL.NS,Siyaram Silk Mills Limited
SJVN.NS,SJVN Limited
SKFINDIA.NS,SKF India Limited
SKIL-BE.NS,SKIL INFRASTRUCTURE LTD.
SKIL.NS,SKIL Infrastructure Limited
SKIPPER.NS,Skipper Limited
SKMEGGPROD.NS,SKM Egg Products Export (India) Limited
SKSMICRO.NS,Bharat Financial Inclusion Limited
SKUMARSYN.NS,S. Kumars Nationwide Ltd.
SKUMARSYNF-BZ.NS,S KUMARS NATIONWIDE LTD
SMARTLINK.NS,Smartlink Network Systems Limited
SMCSRIIIRD-MF.NS,SUNDARAM MUTUAL FU MICROCAP III
SMCSRVIRD-MF.NS,SUNDARAM ASSET MAN MICRO CAP VI
SMCSRVIRG-MF.NS,SUNDARAM ASSET MAN MICRO CAP VI
SMCSRVRD-MF.NS,SUNDARAM ASSET MAN MICRO CAP V
SMCSRVRG-MF.NS,SUNDARAM ASSET MAN MICRO CAP V
SMLISUZU.NS,SML Isuzu Limited
SMMITCON.NS,SMMITCON.NS
SMMOMAI.NS,SMMOMAI.NS
SMOPAL.NS,SMOPAL.NS
SMPL.NS,Splendid Metal Products Limited
SMSANCO.NS,SMSANCO.NS
SMSIIL.NS,SMSIIL.NS
SMSPHARMA.NS,SMS Pharmaceuticals Limited
SMTHEJO.NS,SMTHEJO.NS
SMVETO.NS,SMVETO.NS
SNOWMAN.NS,Snowman Logistics Limited
SOBHA.NS,Sobha Limited
SOFTTECHGR-BE.NS,SOFTTECHGRNPP070100
SOFTTECHGR.NS,STG Lifecare Limited
SOLARINDS.NS,Solar Industries India Limited
SOMANYCERA.NS,Somany Ceramics Limited
SOMATEX-BE.NS,SOMA TEXTILE INUSTRIES LT
SOMATEX.NS,Soma Textiles & Industries Limited
SONASTEER.NS,Sona Koyo Steering Systems Limited
SONATSOFTW.NS,Sonata Software Limited
SOTL.NS,Savita Oil Technologies Limited
SOUISPAT.NS,SOUTHERN ISPAT & ENGY LTD INR10
SOUTHBANK.NS,The South Indian Bank Limited
SPARC.NS,Sun Pharma Advanced Research Company Limited
SPECIALITY.NS,Speciality Restaurants Limited
SPECTACLE-BE.NS,SPEC VENTURES LTD INR1
SPECTACLE.NS,Spectacle Ventures Limited
SPENTEX.NS,Spentex Industries Limited
SPHEREGSL.NS,Sphere Global Services Limited
SPIC.NS,Southern Petrochemical Industries Corporation Limited
SPICEMOBI.NS,Spice Mobility Limited
SPLIL.NS,SPL Industries Limited
SPMLINFRA.NS,SPML Infra Limited
SPYL-BE.NS,SHEKHAWATI POLY INR1
SPYL.NS,Shekhawati Poly-Yarn Limited
SQSBFSI.NS,SQS India BFSI Limited
SREEL.NS,Sreeleathers Limited
SREINFRA.NS,SREI Infrastructure Finance Limited
SRF.NS,SRF Limited
SRGINFOTEC-BE.NS,SRGINFOTECH (INDIA) LTD.
SRGINFOTEC.NS,PAN INDIA CORP INR10
SRHHYPOLTD.NS,Sree Rayalaseema Hi-Strength Hypo Limited
SRICHAMUN.NS,SRICHAMUN.NS
SRIPIPES.NS,Srikalahasthi Pipes Limited
SRSLTD.NS,SRS Limited
SRTRANSFI.NS,Shriram Transport Finance Co. Ltd.
SRTRANSFIN.NS,Shriram Transport Finance Company Limited
SSWL.NS,Steel Strips Wheels Limited
STAN-DR.NS,STANDARD CHART PLC IDR EACH REP
STAR-IL.NS,STRIDES SHASUN LTD INR10
STAR.NS,Strides Shasun Limited
STARPAPER.NS,Star Paper Mills Limited
STCINDIA.NS,The State Trading Corporation of India Limited
STEL-BE.NS,STEL HOLDINGS LTD INR10
STEL.NS,STEL Holdings Limited
STERLINBIO.NS,Sterling Biotech Limited
STERTOOLS.NS,Sterling Tools Limited
STINDIA-BE.NS,STI INDIA LTD
STINDIA.NS,STI India Limited
STOREONE.NS,SORIL Infra Resources Limited
STRTECH.NS,Sterlite Technologies Limited
STYABS.NS,INEOS STYROLUTION INR10
SUBEX.NS,Subex Limited
SUBROS.NS,Subros
SUDAR-BE.NS,SUDAR INDUSTRIES L INR10
SUDAR.NS,Sudar Industries Limited
SUDARSCHEM.NS,Sudarshan Chemical Industries Limited
SUJANATWR.NS,Neueon Towers Limited
SUJANAUNI.NS,Sujana Universal Industries Limited
SUMEETINDS.NS,Sumeet Industries Limited.
SUMMITSEC.NS,Summit Securities Limited
SUNCLAYLTD.NS,Sundaram-Clayton Limited
SUNDARAM-BE.NS,SUNDARAM-BE.NS
SUNDARAM.NS,Sundaram Multi Pap Limited
SUNDARMFIN.NS,Sundaram Finance Limited
SUNDRMBRAK.NS,Sundaram Brake Linings Limited
SUNDRMFAST.NS,Sundram Fasteners Limited
SUNFLAG.NS,Sunflag Iron And Steel Company Limited
SUNILHITEC.NS,Sunil Hitech Engineers Limited
SUNPHARMA.NS,Sun Pharmaceutical Industries Limited
SUNTECK.NS,Sunteck Realty Limited
SUNTV.NS,Sun TV Network Limited
SUPER.NS,Super Sales India Ltd.
SUPERHOUSE.NS,Superhouse Limited
SUPERSPIN.NS,Super Spinning Mills Limited
SUPPETRO.NS,Supreme Petrochem Limited
SUPRAJIT.NS,Suprajit Engineering Limited
SUPREMEIND.NS,The Supreme Industries Limited
SUPREMEINF.NS,Supreme Infrastructure India Limited
SUPREMETEX-BE.NS,SUPREME TEX MART INR5
SUPREMETEX.NS,Supreme Tex Mart Limited
SURANACORP.NS,Surana Corporation Limited
SURANAIND-BE.NS,SURANA INDUSTRIES INR10
SURANAIND.NS,Surana Industries Limited
SURANASOL.NS,Surana Solar Limited
SURANAT&P.NS,Surana Telecom and Power Limited
SURYAJYOTI.NS,Suryajyoti Spinning Mills Limited
SURYALAXMI.NS,Suryalakshmi Cotton Mills Limited
SURYAPHARM-BZ.NS,SURYA PHARMACEUTICAL LTD.
SURYAROSNI.NS,Surya Roshni Limited
SUTLEJTEX.NS,Sutlej Textiles and Industries Limited
SUVEN.NS,Suven Life Sciences Limited
SUZLON.NS,Suzlon Energy Limited
SVOGL.NS,SVOGL Oil Gas and Energy Limited
SWANENERGY.NS,Swan Energy Limited
SWARAJENG.NS,Swaraj Engines Limited
SWELECTES.NS,Swelect Energy Systems Limited
SYMPHONY.NS,Symphony Limited
SYNCOM.NS,Syncom Healthcare Limited
SYNDIBANK.NS,Syndicate Bank
SYNGENE.NS,Syngene International Limited
TAINWALCHM.NS,Tainwala Chemicals and Plastics (India) Limited
TAJGVK.NS,TAJGVK Hotels & Resorts Limited
TAKE.NS,TAKE Solutions Limited
TALBROAUTO.NS,Talbros Automotive Components Limited
TALWALKARS.NS,Talwalkars Better Value Fitness Limited
TANLA.NS,Tanla Solutions Limited
TANTIACON.NS,Tantia Constructions Limited
TANTIACONS.NS,Tantia Constructions Limited
TARAJEWELS.NS,Tara Jewels Limited
TARAPUR.NS,Tarapur Transformers Limited
TARMAT.NS,Tarmat Limited
TATACHEM.NS,Tata Chemicals Limited
TATACOFFEE.NS,Tata Coffee Limited
TATACOMM.NS,Tata Communications Limited
TATAELXSI.NS,Tata Elxsi Limited
TATAGLOBAL.NS,Tata Global Beverages Limited
TATAINVEST.NS,Tata Investment Corporation Limited
TATAMETALI.NS,Tata Metaliks Limited
TATAMOTORS.NS,Tata Motors Limited
TATAMTRDVR.NS,Tata Motors Limited
TATAPOWER.NS,The Tata Power Company Limited
TATASPONGE.NS,Tata Sponge Iron Limited
TATASTEEL.NS,Tata Steel Limited
TBZ.NS,Tribhovandas Bhimji Zaveri Limited
TCI.NS,Transport Corporation of India Limited
TCIDEVELOP.NS,TCI Developers Limited
TCIFINANCE.NS,TCI Finance Limited
TCPLTD-BE.NS,TCPLTD-BE.NS
TCPLTD.NS,TCP Limited
TCS.NS,Tata Consultancy Services Limited
TDPOWERSYS.NS,TD Power Systems Limited
TEAMLEASE.NS,TeamLease Services Limited
TECHIN-BE.NS,TECHINDIA NIRMAN LIMITED
TECHIN.NS,Techindia Nirman Limited
TECHM.NS,Tech Mahindra Limited
TECHNO.NS,Techno Electric & Engineering Company Limited
TECHNOFAB.NS,Technofab Engineering Limited
TECPRO-BE.NS,TECPRO SYSTEMS LTD INR10
TECPRO-BZ.NS,TECPRO SYSTEMS LTD
TECPRO.NS,Tecpro Systems Limited
TELEDATAI.NS,TELEDATAI.NS
TEXINFRA.NS,Texmaco Infrastructure & Holdings Limited
TEXMOPIPES.NS,Texmo Pipes and Products Limited
TEXRAIL.NS,Texmaco Rail & Engineering Limited
TFCILTD.NS,Tourism Finance Corporation of India Limited
TFL.NS,Transwarranty Finance Limited
TGBHOTELS.NS,TGB Banquets And Hotels Limited
THANGAMAYL.NS,Thangamayil Jewellery Limited
THEBYKE.NS,The Byke Hospitality Limited
THEJO-SM.NS,THEJO ENGINEERING INR10
THEMISMED-BE.NS,THEMIS MEDICARE LT INR10
THEMISMED.NS,Themis Medicare Limited
THERMAX.NS,Thermax Limited
THIRUSUGAR.NS,Thiru Arooran Sugars Limited
THOMASCOOK.NS,Thomas Cook (India) Limited
THOMASCOTT-BE.NS,THOMAS SCOTT (INDI INR10
THOMASCOTT.NS,Thomas Scott (India) Limited
TI.NS,Tilaknagar Industries Ltd.
TIDEWATER.NS,"Tide Water Oil Co. (India), Ltd."
TIIL.NS,Technocraft Industries (India) Limited
TIJARIA-BE.NS,TIJARIA POLYPIPES LTD INR10
TIJARIA.NS,Tijaria Polypipes Limited
TIL.NS,TIL Limited
TIMBOR-BE.NS,TIMBOR HOME LTD INR10
TIMBOR-BZ.NS,TIMBOR HOME LIMITED
TIMBOR.NS,Timbor Home Limited
TIMESGTY.NS,Times Guaranty Ltd.
TIMETECHNO.NS,Time Technoplast Limited
TIMKEN.NS,Timken India Limited
TINPLATE.NS,The Tinplate Company Of India Limited
TIPSINDLTD.NS,Tips Industries Limited
TIRUMALCHM.NS,Thirumalai Chemicals Limited
TITAN-IL.NS,TITAN COMPANY LIMITED
TITAN.NS,Titan Company Limited
TNPETRO.NS,Tamilnadu Petroproducts Limited
TNPL.NS,Tamil Nadu Newsprint and Papers Limited
TNTELE.NS,Tamilnadu Telecommunications Limited
TODAYS-BE.NS,TODAY'S WRITING PRODUCTS
TODAYS.NS,Todays Writing Instruments Limited
TOKYOPLAST.NS,Tokyo Plast International Limited
TORNTPHARM.NS,Torrent Pharmaceuticals Limited
TORNTPOWER.NS,Torrent Power Limited
TPLPLASTEH.NS,TPL PLASTECH LTD. INR10
TREEHOUSE.NS,Tree House Education & Accessories Limited
TRENT.NS,Trent Limited
TRF.NS,TRF Limited
TRICOM-BE.NS,TRICOM INDIA LTD INR2
TRICOM.NS,Tricom India Limited
TRIDENT.NS,Trident Limited
TRIGYN.NS,Trigyn Technologies Limited
TRIL.NS,Transformers & Rectifiers (India) Limited
TRITURBINE.NS,Triveni Turbine Limited
TRIVENI.NS,Triveni Engineering & Industries Limited
TTKHLTCARE.NS,TTK HEALTHCARE INR10
TTKPRESTIG.NS,TTK Prestige Limited
TTL.NS,T.T. Limited
TTML.NS,Tata Teleservices (Maharashtra) Limited
TUBEINVEST.NS,TI Financial Holdings Limited
TULIP-BZ.NS,TULIP TELECOM LIMITED
TULSI.NS,Tulsi Extrusions Limited
TV18BRDCST.NS,TV18 Broadcast Limited
TVSELECT.NS,TVS Electronics Limited
TVSMOTOR.NS,TVS Motor Company Limited
TVSSRICHAK.NS,TVS Srichakra
TVTODAY.NS,T.V. Today Network Limited
TWL.NS,Titagarh Wagons Limited
UBENGG-BZ.NS,UB ENGINEERING LTD
UBHOLDINGS.NS,United Breweries (Holdings) Limited
UBL.NS,United Breweries Limited
UCALFUEL.NS,Ucal Fuel Systems Limited
UCOBANK.NS,UCO Bank
UFLEX.NS,Uflex Limited
UFO.NS,UFO Moviez India Limited
UFTFGR12PX-MF.NS,UTI MUTUAL FUND FTI XII-X 1096D
UGARSUGAR-BE.NS,UGAR SUGAR WORKS INR1
UGARSUGAR.NS,The Ugar Sugar Works Limited
UJAAS.NS,Ujaas Energy Ltd.
ULTRACEMCO.NS,UltraTech Cement Limited
UMANGDAIRY.NS,UMANG DAIRIES INR5
UMESLTD.NS,Usha Martin Education & Solutions Limited
UNICHEMLAB.NS,Unichem Laboratories Limited
UNIENTER.NS,Uniphos Enterprises Ltd.
UNIONBANK.NS,Union Bank of India
UNIPLY.NS,Uniply Industries Limited
UNITECH.NS,Unitech Limited
UNITEDBNK.NS,United Bank of India
UNITEDTEA.NS,The United Nilgiri Tea Estates Company Limited
UNITY.NS,Unity Infraprojects Limited
UNIVCABLES-BE.NS,UNIVCABLES NPP130599 DEPO
UNIVCABLES.NS,Universal Cables Limited
UPERGANGES.NS,Upper Ganges Sugar & Industries Limited
UPL.NS,UPL Limited
URRAP19P10-MF.NS,UTI ASSET MANAGEME FTI XIX X 10
USHAMART.NS,Usha Martin Limited
USHERAGRO.NS,Usher Agro Limited
UTCPOSRGR1-MF.NS,UTI MUTUAL FUND CAP PRO OR IV-I
UTIFEFRGR1-MF.NS,UTI MUTUAL FUND FEF-S-I-1100D R
UTIFEFRGR2-MF.NS,UTI ASSET MANAGEME FOCUS EQTY I
UTINIFTETF.NS,UTI Nifty ETF
UTISENSETF.NS,UTI Sensex ETF
UTRGESSDDP-MF.NS,UTI MUTUAL FUND RGSS DIRECT DIV
UTRGESSRGR-MF.NS,UTI MUTUAL FUND RGSS RET GROWTH
UTTAMSTL.NS,Uttam Galva Steels Limited
UTTAMSUGAR.NS,Uttam Sugar Mills Limited
UTTAMVALUE.NS,Uttam Value Steels Limited
V2RETAIL-BE.NS,V2 RETAIL LTD INR10
V2RETAIL.NS,V2 Retail Limited
VADILALIND.NS,Vadilal Industries Limited
VAIBHAVGBL.NS,Vaibhav Global Limited
VAKRANGEE.NS,Vakrangee Limited
VALECHAENG.NS,Valecha Engineering Limited
VALUEIND.NS,Value Industries Limited
VARDHACRLC.NS,Vardhman Acrylics Limited
VARDMNPOLY.NS,Vardhman Polytex Limited
VARUN-BZ.NS,VARUN INDUS. LTD.
VARUNSHIP-BZ.NS,VARUN SHIPPING INR10
VARUNSHIP.NS,Varun Shipping Co. Ltd.
VASWANI-BE.NS,VASWANI INDUSTRIES LTD INR10
VASWANI.NS,Vaswani Industries Limited
VEDL.NS,Vedanta Limited
VENKEYS.NS,Venky's (India) Limited
VENUSREM.NS,Venus Remedies Limited
VESUVIUS.NS,Vesuvius India Limited
VETO-SM.NS,VETO SWITCHGEARS A INR10
VETO.NS,Veto Switchgears and Cables Limited
VGUARD.NS,V-Guard Industries Limited
VHL.NS,Vardhman Holdings Limited
VICEROY.NS,Viceroy Hotels Limited
VIDEOIND.NS,Videocon Industries Limited
VIDHIDYE.NS,Vidhi Specialty Food Ingredients Limited
VIJAYABANK.NS,Vijaya Bank
VIJSHAN.NS,Vijay Shanthi Builders Limited
VIKASECO.NS,Vikas EcoTech Limited
VIKASGLOB.NS,Vikas EcoTech Limited
VIKASHMET.NS,VIKASHMET.NS
VIMALOIL.NS,Vimal Oil & Foods Limited
VIMTALABS.NS,Vimta Labs Limited
VINATIORGA.NS,Vinati Organics Limited
VINDHYATEL.NS,Vindhya Telelinks Limited
VINYLINDIA.NS,Vinyl Chemicals India Ltd.
VIPIND.NS,VIP Industries Limited
VIPUL.NS,Vipul Limited
VIPULLTD.NS,VIPUL LTD INR1
VISAKAIND.NS,Visaka Industries Limited
VISASTEEL.NS,VISA Steel Limited
VISESHINFO-BE.NS,VISESH INFO NPP231299 DEP
VISESHINFO.NS,MPS Infotecnics Limited
VISHNU.NS,Vishnu Chemicals Limited
VISUINTL-BE.NS,VISU INTERNATIONAL INR10
VISUINTL.NS,Ed & Tech international Limited
VIVIDHA.NS,Visagar Polytex Limited
VIVIMEDLAB.NS,Vivimed Labs Limited
VKSPL.NS,VKS Projects Limited
VLSFINANCE.NS,VLS Finance Limited
VMART-IL.NS,V-MART RETAIL LIMITED
VMART.NS,V-Mart Retail Limited
VOLTAMP.NS,Voltamp Transformers Limited
VOLTAS.NS,Voltas Limited
VRLLOG.NS,VRL Logistics Limited
VSSL.NS,Vardhman Special Steels Limited
VSTIND.NS,VST Industries Limited
VSTTILLERS.NS,V.S.T. Tillers Tractors Limited
VTL.NS,Vardhman Textiles Limited
VTMLTD.NS,VTM Limted
VTXIND-BE.NS,VTXIND-BE.NS
VTXIND.NS,VTXIND.NS
WABAG.NS,VA Tech Wabag Limited
WABCOINDIA.NS,Wabco India Limited
WALCHANNAG.NS,Walchandnagar Industries Limited
WANBURY-BE.NS,WANBURY LTD INR10
WANBURY.NS,Wanbury Limited
WB3RG-MF.NS,SUNDARMAMC - WB3RG
WEALTH-SM.NS,WEALTH FIRST PORTF INR10
WEBELSOLAR.NS,Websol Energy System Limited
WEIZFOREX.NS,Weizmann Forex Limited
WEIZMANIND.NS,Weizmann Limited
WELCORP.NS,Welspun Corp Limited
WELENT.NS,Welspun Enterprises Limited
WELINV.NS,Welspun Investments and Commercials Limited
WELPROJ.NS,WELSPUN ENTERPRISE INR10
WELSPUNIND.NS,Welspun India Limited
WELSYNTEX.NS,WELSPUN SYNTEX
WENDT.NS,Wendt (India) Limited
WHEELS.NS,Wheels India Limited
WHIRLPOOL.NS,Whirlpool of India Limited
WILLAMAGOR.NS,Williamson Magor & Co. Limited
WINDMACHIN.NS,Windsor Machines Limited
WINSOME-BE.NS,WINSOME YARNS LTD INR10
WINSOME.NS,Winsome Yarns Limited
WIPRO.NS,Wipro Limited
WOCKPHARMA.NS,Wockhardt Limited
WONDERLA.NS,Wonderla Holidays Limited
WSI.NS,WS Industries (India)
WSTCSTPAPR.NS,West Coast Paper Mills Limited
XCHANGING.NS,Xchanging Solutions Limited
XLENERGY.NS,XL Energy Limited
XPROINDIA.NS,Xpro India Limited
YESBANK.NS,Yes Bank Limited
ZANDUREALT.NS,Zandu Realty Limited
ZEEL-P1.NS,ZEE ENTERTAIN ENT 6% CUM RED NO
ZEEL.NS,Zee Entertainment Enterprises Limited
ZEELEARN.NS,Zee Learn Limited
ZEEMEDIA.NS,Zee Media Corporation Limited
ZENITHBIR.NS,Zenith Birla (India) Limited
ZENITHCOMP.NS,Zenith Computers Limited
ZENITHEXPO.NS,Zenith Exports Limited
ZENSARTEC.NS,Zensar Technologies Limited
ZENSARTECH.NS,Zensar Technologies Limited
ZENTEC-BE.NS,Zen Technologies Limited
ZENTEC.NS,Zen Technologies Limited
ZICOM.NS,Zicom Electronic Security Systems Limited
ZODIACLOTH.NS,Zodiac Clothing Company Limited
ZODJRDMKJ.NS,Zodiac-JRD-MKJ Limited
ZUARI.NS,Zuari Agro Chemicals Limited
ZUARIGLOB.NS,Zuari Global Limited
ZYDUSWELL.NS,Zydus Wellness Limited
ZYLOG.NS,Zylog Systems Limited